Round Number,Date,Location,Home Team,Away Team,Result
1,22/08/2026 16:30,Giuseppe Meazza,Internazionale,Monza,4 - 1
1,22/08/2026 16:30,Friuli/Bluenergy stadium,Udinese,Como,1 - 1
1,22/08/2026 18:45,Luigi Ferraris,Genoa,Napoli,0 - 2
1,22/08/2026 18:45,Ennio Tardini,Parma,Cagliari,0 - 1
1,23/08/2026 16:30,Benito Stirpe,Frosinone,Juventus,0 - 1
1,23/08/2026 16:30,Pier Luigi Penzo,Venezia,Lecce,0 - 2
1,23/08/2026 18:45,New Balance Arena,Atalanta,Sassuolo,2 - 1
1,23/08/2026 18:45,Olimpico - Grande Torino,Torino,Milan,1 - 2
1,24/08/2026 16:30,Renato Dall'Ara,Bologna,Lazio,0 - 1
1,24/08/2026 18:45,Olimpico,Roma,Fiorentina,4 - 0
2,28/08/2026 18:45,Giuseppe Meazza,Milan,Venezia,
2,29/08/2026 16:30,Artemio Franchi,Fiorentina,Frosinone,
2,29/08/2026 16:30,Brianteo,Monza,Udinese,
2,29/08/2026 16:30,Mapei Stadium,Sassuolo,Torino,
2,29/08/2026 18:45,Allianz Stadium,Juventus,Parma,
2,30/08/2026 16:30,Diego Armando Maradona,Napoli,Como,
2,30/08/2026 18:45,Unipol Domus,Cagliari,Internazionale,
2,30/08/2026 18:45,Olimpico,Lazio,Genoa,
2,31/08/2026 16:30,Ettore Giardiniero - Via Del Mare,Lecce,Roma,
2,31/08/2026 18:45,New Balance Arena,Atalanta,Bologna,
3,04/09/2026 18:45,Luigi Ferraris,Genoa,Como,
3,05/09/2026 13:00,Artemio Franchi,Fiorentina,Torino,
3,05/09/2026 16:00,Giuseppe Meazza,Internazionale,Napoli,
3,05/09/2026 18:45,Olimpico,Roma,Atalanta,
3,06/09/2026 13:00,Benito Stirpe,Frosinone,Venezia,
3,06/09/2026 13:00,Ennio Tardini,Parma,Monza,
3,06/09/2026 16:00,Renato Dall'Ara,Bologna,Sassuolo,
3,06/09/2026 18:45,Allianz Stadium,Juventus,Milan,
3,07/09/2026 16:00,Unipol Domus,Cagliari,Lecce,
3,07/09/2026 18:45,Friuli/Bluenergy stadium,Udinese,Lazio,
4,11/09/2026 18:45,Pier Luigi Penzo,Venezia,Fiorentina,
4,12/09/2026 00:00,Mapei Stadium,Sassuolo,Juventus,
4,12/09/2026 13:00,Luigi Ferraris,Genoa,Frosinone,
4,12/09/2026 18:45,New Balance Arena,Atalanta,Cagliari,
4,13/09/2026 00:00,Giuseppe Sinigaglia,Como,Parma,
4,13/09/2026 00:00,Olimpico,Lazio,Milan,
4,13/09/2026 00:00,Olimpico - Grande Torino,Torino,Roma,
4,13/09/2026 13:00,Ettore Giardiniero - Via Del Mare,Lecce,Monza,
4,13/09/2026 16:00,Diego Armando Maradona,Napoli,Bologna,
4,14/09/2026 18:45,Giuseppe Meazza,Internazionale,Udinese,
5,18/09/2026 18:45,Brianteo,Monza,Sassuolo,
5,19/09/2026 13:00,Renato Dall'Ara,Bologna,Torino,
5,19/09/2026 13:00,Friuli/Bluenergy stadium,Udinese,Cagliari,
5,19/09/2026 16:00,Olimpico,Roma,Internazionale,
5,19/09/2026 18:45,Pier Luigi Penzo,Venezia,Lazio,
5,20/09/2026 10:30,Artemio Franchi,Fiorentina,Napoli,
5,20/09/2026 13:00,Benito Stirpe,Frosinone,Como,
5,20/09/2026 13:00,Ennio Tardini,Parma,Genoa,
5,20/09/2026 16:00,Allianz Stadium,Juventus,Atalanta,
5,20/09/2026 18:45,Giuseppe Meazza,Milan,Lecce,
6,10/10/2026 00:00,New Balance Arena,Atalanta,Venezia,
6,10/10/2026 00:00,Unipol Domus,Cagliari,Juventus,
6,10/10/2026 00:00,Giuseppe Sinigaglia,Como,Roma,
6,10/10/2026 00:00,Luigi Ferraris,Genoa,Fiorentina,
6,10/10/2026 00:00,Giuseppe Meazza,Internazionale,Parma,
6,10/10/2026 00:00,Olimpico,Lazio,Monza,
6,10/10/2026 00:00,Ettore Giardiniero - Via Del Mare,Lecce,Bologna,
6,10/10/2026 00:00,Diego Armando Maradona,Napoli,Frosinone,
6,10/10/2026 00:00,Mapei Stadium,Sassuolo,Milan,
6,10/10/2026 00:00,Olimpico - Grande Torino,Torino,Udinese,
7,17/10/2026 00:00,Renato Dall'Ara,Bologna,Internazionale,
7,17/10/2026 00:00,Artemio Franchi,Fiorentina,Como,
7,17/10/2026 00:00,Benito Stirpe,Frosinone,Sassuolo,
7,17/10/2026 00:00,Allianz Stadium,Juventus,Lazio,
7,17/10/2026 00:00,Giuseppe Meazza,Milan,Atalanta,
7,17/10/2026 00:00,Brianteo,Monza,Cagliari,
7,17/10/2026 00:00,Ennio Tardini,Parma,Torino,
7,17/10/2026 00:00,Olimpico,Roma,Genoa,
7,17/10/2026 00:00,Friuli/Bluenergy stadium,Udinese,Lecce,
7,17/10/2026 00:00,Pier Luigi Penzo,Venezia,Napoli,
8,24/10/2026 00:00,New Balance Arena,Atalanta,Frosinone,
8,24/10/2026 00:00,Unipol Domus,Cagliari,Bologna,
8,24/10/2026 00:00,Giuseppe Sinigaglia,Como,Sassuolo,
8,24/10/2026 00:00,Luigi Ferraris,Genoa,Venezia,
8,24/10/2026 00:00,Giuseppe Meazza,Internazionale,Fiorentina,
8,24/10/2026 00:00,Olimpico,Lazio,Parma,
8,24/10/2026 00:00,Ettore Giardiniero - Via Del Mare,Lecce,Juventus,
8,24/10/2026 00:00,Diego Armando Maradona,Napoli,Roma,
8,24/10/2026 00:00,Olimpico - Grande Torino,Torino,Monza,
8,24/10/2026 00:00,Friuli/Bluenergy stadium,Udinese,Milan,
9,27/10/2026 00:00,Artemio Franchi,Fiorentina,Atalanta,
9,27/10/2026 00:00,Benito Stirpe,Frosinone,Lecce,
9,27/10/2026 00:00,Luigi Ferraris,Genoa,Juventus,
9,27/10/2026 00:00,Giuseppe Meazza,Milan,Bologna,
9,27/10/2026 00:00,Brianteo,Monza,Napoli,
9,27/10/2026 00:00,Ennio Tardini,Parma,Udinese,
9,27/10/2026 00:00,Olimpico,Roma,Cagliari,
9,27/10/2026 00:00,Mapei Stadium,Sassuolo,Lazio,
9,27/10/2026 00:00,Olimpico - Grande Torino,Torino,Como,
9,27/10/2026 00:00,Pier Luigi Penzo,Venezia,Internazionale,
10,31/10/2026 00:00,New Balance Arena,Atalanta,Parma,
10,31/10/2026 00:00,Renato Dall'Ara,Bologna,Monza,
10,31/10/2026 00:00,Giuseppe Sinigaglia,Como,Venezia,
10,31/10/2026 00:00,Benito Stirpe,Frosinone,Torino,
10,31/10/2026 00:00,Allianz Stadium,Juventus,Napoli,
10,31/10/2026 00:00,Olimpico,Lazio,Cagliari,
10,31/10/2026 00:00,Ettore Giardiniero - Via Del Mare,Lecce,Genoa,
10,31/10/2026 00:00,Giuseppe Meazza,Milan,Internazionale,
10,31/10/2026 00:00,Mapei Stadium,Sassuolo,Fiorentina,
10,31/10/2026 00:00,Friuli/Bluenergy stadium,Udinese,Roma,
11,07/11/2026 00:00,Unipol Domus,Cagliari,Frosinone,
11,07/11/2026 00:00,Artemio Franchi,Fiorentina,Juventus,
11,07/11/2026 00:00,Luigi Ferraris,Genoa,Milan,
11,07/11/2026 00:00,Giuseppe Meazza,Internazionale,Como,
11,07/11/2026 00:00,Brianteo,Monza,Atalanta,
11,07/11/2026 00:00,Diego Armando Maradona,Napoli,Lazio,
11,07/11/2026 00:00,Ennio Tardini,Parma,Bologna,
11,07/11/2026 00:00,Olimpico,Roma,Sassuolo,
11,07/11/2026 00:00,Olimpico - Grande Torino,Torino,Lecce,
11,07/11/2026 00:00,Pier Luigi Penzo,Venezia,Udinese,
12,21/11/2026 00:00,New Balance Arena,Atalanta,Internazionale,
12,21/11/2026 00:00,Renato Dall'Ara,Bologna,Udinese,
12,21/11/2026 00:00,Giuseppe Sinigaglia,Como,Cagliari,
12,21/11/2026 00:00,Allianz Stadium,Juventus,Venezia,
12,21/11/2026 00:00,Olimpico,Lazio,Lecce,
12,21/11/2026 00:00,Giuseppe Meazza,Milan,Frosinone,
12,21/11/2026 00:00,Brianteo,Monza,Fiorentina,
12,21/11/2026 00:00,Diego Armando Maradona,Napoli,Torino,
12,21/11/2026 00:00,Ennio Tardini,Parma,Roma,
12,21/11/2026 00:00,Mapei Stadium,Sassuolo,Genoa,
13,28/11/2026 00:00,Unipol Domus,Cagliari,Milan,
13,28/11/2026 00:00,Giuseppe Sinigaglia,Como,Juventus,
13,28/11/2026 00:00,Benito Stirpe,Frosinone,Parma,
13,28/11/2026 00:00,Giuseppe Meazza,Internazionale,Genoa,
13,28/11/2026 00:00,Ettore Giardiniero - Via Del Mare,Lecce,Atalanta,
13,28/11/2026 00:00,Olimpico,Roma,Monza,
13,28/11/2026 00:00,Mapei Stadium,Sassuolo,Napoli,
13,28/11/2026 00:00,Olimpico - Grande Torino,Torino,Lazio,
13,28/11/2026 00:00,Friuli/Bluenergy stadium,Udinese,Fiorentina,
13,28/11/2026 00:00,Pier Luigi Penzo,Venezia,Bologna,
14,05/12/2026 00:00,Renato Dall'Ara,Bologna,Roma,
14,05/12/2026 00:00,Artemio Franchi,Fiorentina,Cagliari,
14,05/12/2026 00:00,Benito Stirpe,Frosinone,Internazionale,
14,05/12/2026 00:00,Luigi Ferraris,Genoa,Torino,
14,05/12/2026 00:00,Allianz Stadium,Juventus,Udinese,
14,05/12/2026 00:00,Olimpico,Lazio,Atalanta,
14,05/12/2026 00:00,Giuseppe Meazza,Milan,Parma,
14,05/12/2026 00:00,Brianteo,Monza,Como,
14,05/12/2026 00:00,Diego Armando Maradona,Napoli,Lecce,
14,05/12/2026 00:00,Pier Luigi Penzo,Venezia,Sassuolo,
15,12/12/2026 00:00,New Balance Arena,Atalanta,Genoa,
15,12/12/2026 00:00,Unipol Domus,Cagliari,Venezia,
15,12/12/2026 00:00,Giuseppe Sinigaglia,Como,Bologna,
15,12/12/2026 00:00,Giuseppe Meazza,Internazionale,Torino,
15,12/12/2026 00:00,Allianz Stadium,Juventus,Monza,
15,12/12/2026 00:00,Olimpico,Lazio,Roma,
15,12/12/2026 00:00,Ettore Giardiniero - Via Del Mare,Lecce,Sassuolo,
15,12/12/2026 00:00,Diego Armando Maradona,Napoli,Milan,
15,12/12/2026 00:00,Ennio Tardini,Parma,Fiorentina,
15,12/12/2026 00:00,Friuli/Bluenergy stadium,Udinese,Frosinone,
16,19/12/2026 00:00,New Balance Arena,Atalanta,Napoli,
16,19/12/2026 00:00,Artemio Franchi,Fiorentina,Bologna,
16,19/12/2026 00:00,Benito Stirpe,Frosinone,Lazio,
16,19/12/2026 00:00,Luigi Ferraris,Genoa,Udinese,
16,19/12/2026 00:00,Ettore Giardiniero - Via Del Mare,Lecce,Internazionale,
16,19/12/2026 00:00,Giuseppe Meazza,Milan,Como,
16,19/12/2026 00:00,Olimpico,Roma,Juventus,
16,19/12/2026 00:00,Mapei Stadium,Sassuolo,Parma,
16,19/12/2026 00:00,Olimpico - Grande Torino,Torino,Cagliari,
16,19/12/2026 00:00,Pier Luigi Penzo,Venezia,Monza,
17,02/01/2027 00:00,Renato Dall'Ara,Bologna,Juventus,
17,02/01/2027 00:00,Unipol Domus,Cagliari,Genoa,
17,02/01/2027 00:00,Giuseppe Sinigaglia,Como,Lecce,
17,02/01/2027 00:00,Artemio Franchi,Fiorentina,Lazio,
17,02/01/2027 00:00,Giuseppe Meazza,Internazionale,Sassuolo,
17,02/01/2027 00:00,Brianteo,Monza,Milan,
17,02/01/2027 00:00,Ennio Tardini,Parma,Napoli,
17,02/01/2027 00:00,Olimpico,Roma,Frosinone,
17,02/01/2027 00:00,Olimpico - Grande Torino,Torino,Venezia,
17,02/01/2027 00:00,Friuli/Bluenergy stadium,Udinese,Atalanta,
18,05/01/2027 00:00,New Balance Arena,Atalanta,Como,
18,05/01/2027 00:00,Benito Stirpe,Frosinone,Bologna,
18,05/01/2027 00:00,Luigi Ferraris,Genoa,Monza,
18,05/01/2027 00:00,Allianz Stadium,Juventus,Torino,
18,05/01/2027 00:00,Olimpico,Lazio,Internazionale,
18,05/01/2027 00:00,Ettore Giardiniero - Via Del Mare,Lecce,Parma,
18,05/01/2027 00:00,Giuseppe Meazza,Milan,Fiorentina,
18,05/01/2027 00:00,Diego Armando Maradona,Napoli,Cagliari,
18,05/01/2027 00:00,Mapei Stadium,Sassuolo,Udinese,
18,05/01/2027 00:00,Pier Luigi Penzo,Venezia,Roma,
19,09/01/2027 00:00,Renato Dall'Ara,Bologna,Genoa,
19,09/01/2027 00:00,Unipol Domus,Cagliari,Sassuolo,
19,09/01/2027 00:00,Giuseppe Sinigaglia,Como,Lazio,
19,09/01/2027 00:00,Artemio Franchi,Fiorentina,Lecce,
19,09/01/2027 00:00,Giuseppe Meazza,Internazionale,Juventus,
19,09/01/2027 00:00,Brianteo,Monza,Frosinone,
19,09/01/2027 00:00,Ennio Tardini,Parma,Venezia,
19,09/01/2027 00:00,Olimpico,Roma,Milan,
19,09/01/2027 00:00,Olimpico - Grande Torino,Torino,Atalanta,
19,09/01/2027 00:00,Friuli/Bluenergy stadium,Udinese,Napoli,
20,16/01/2027 00:00,New Balance Arena,Atalanta,Roma,
20,16/01/2027 00:00,Unipol Domus,Cagliari,Como,
20,16/01/2027 00:00,Allianz Stadium,Juventus,Genoa,
20,16/01/2027 00:00,Olimpico,Lazio,Bologna,
20,16/01/2027 00:00,Ettore Giardiniero - Via Del Mare,Lecce,Udinese,
20,16/01/2027 00:00,Giuseppe Meazza,Milan,Torino,
20,16/01/2027 00:00,Diego Armando Maradona,Napoli,Fiorentina,
20,16/01/2027 00:00,Ennio Tardini,Parma,Internazionale,
20,16/01/2027 00:00,Mapei Stadium,Sassuolo,Monza,
20,16/01/2027 00:00,Pier Luigi Penzo,Venezia,Frosinone,
21,23/01/2027 00:00,Renato Dall'Ara,Bologna,Atalanta,
21,23/01/2027 00:00,Giuseppe Sinigaglia,Como,Napoli,
21,23/01/2027 00:00,Artemio Franchi,Fiorentina,Sassuolo,
21,23/01/2027 00:00,Benito Stirpe,Frosinone,Milan,
21,23/01/2027 00:00,Luigi Ferraris,Genoa,Parma,
21,23/01/2027 00:00,Giuseppe Meazza,Internazionale,Venezia,
21,23/01/2027 00:00,Allianz Stadium,Juventus,Cagliari,
21,23/01/2027 00:00,Ettore Giardiniero - Via Del Mare,Lecce,Torino,
21,23/01/2027 00:00,Brianteo,Monza,Lazio,
21,23/01/2027 00:00,Olimpico,Roma,Udinese,
22,30/01/2027 00:00,New Balance Arena,Atalanta,Fiorentina,
22,30/01/2027 00:00,Unipol Domus,Cagliari,Parma,
22,30/01/2027 00:00,Luigi Ferraris,Genoa,Lecce,
22,30/01/2027 00:00,Olimpico,Lazio,Venezia,
22,30/01/2027 00:00,Giuseppe Meazza,Milan,Juventus,
22,30/01/2027 00:00,Brianteo,Monza,Roma,
22,30/01/2027 00:00,Diego Armando Maradona,Napoli,Internazionale,
22,30/01/2027 00:00,Mapei Stadium,Sassuolo,Como,
22,30/01/2027 00:00,Olimpico - Grande Torino,Torino,Frosinone,
22,30/01/2027 00:00,Friuli/Bluenergy stadium,Udinese,Bologna,
23,06/02/2027 00:00,New Balance Arena,Atalanta,Lazio,
23,06/02/2027 00:00,Renato Dall'Ara,Bologna,Milan,
23,06/02/2027 00:00,Giuseppe Sinigaglia,Como,Monza,
23,06/02/2027 00:00,Artemio Franchi,Fiorentina,Udinese,
23,06/02/2027 00:00,Giuseppe Meazza,Internazionale,Cagliari,
23,06/02/2027 00:00,Allianz Stadium,Juventus,Sassuolo,
23,06/02/2027 00:00,Ettore Giardiniero - Via Del Mare,Lecce,Napoli,
23,06/02/2027 00:00,Ennio Tardini,Parma,Frosinone,
23,06/02/2027 00:00,Olimpico,Roma,Torino,
23,06/02/2027 00:00,Pier Luigi Penzo,Venezia,Genoa,
24,13/02/2027 00:00,Renato Dall'Ara,Bologna,Como,
24,13/02/2027 00:00,Unipol Domus,Cagliari,Lazio,
24,13/02/2027 00:00,Benito Stirpe,Frosinone,Fiorentina,
24,13/02/2027 00:00,Luigi Ferraris,Genoa,Atalanta,
24,13/02/2027 00:00,Giuseppe Meazza,Internazionale,Milan,
24,13/02/2027 00:00,Brianteo,Monza,Lecce,
24,13/02/2027 00:00,Diego Armando Maradona,Napoli,Juventus,
24,13/02/2027 00:00,Olimpico,Roma,Parma,
24,13/02/2027 00:00,Olimpico - Grande Torino,Torino,Sassuolo,
24,13/02/2027 00:00,Friuli/Bluenergy stadium,Udinese,Venezia,
25,20/02/2027 00:00,New Balance Arena,Atalanta,Monza,
25,20/02/2027 00:00,Giuseppe Sinigaglia,Como,Torino,
25,20/02/2027 00:00,Artemio Franchi,Fiorentina,Internazionale,
25,20/02/2027 00:00,Allianz Stadium,Juventus,Bologna,
25,20/02/2027 00:00,Olimpico,Lazio,Napoli,
25,20/02/2027 00:00,Ettore Giardiniero - Via Del Mare,Lecce,Frosinone,
25,20/02/2027 00:00,Giuseppe Meazza,Milan,Genoa,
25,20/02/2027 00:00,Mapei Stadium,Sassuolo,Roma,
25,20/02/2027 00:00,Friuli/Bluenergy stadium,Udinese,Parma,
25,20/02/2027 00:00,Pier Luigi Penzo,Venezia,Cagliari,
26,27/02/2027 00:00,Renato Dall'Ara,Bologna,Lecce,
26,27/02/2027 00:00,Unipol Domus,Cagliari,Udinese,
26,27/02/2027 00:00,Giuseppe Sinigaglia,Como,Milan,
26,27/02/2027 00:00,Benito Stirpe,Frosinone,Napoli,
26,27/02/2027 00:00,Luigi Ferraris,Genoa,Lazio,
26,27/02/2027 00:00,Giuseppe Meazza,Internazionale,Atalanta,
26,27/02/2027 00:00,Brianteo,Monza,Juventus,
26,27/02/2027 00:00,Ennio Tardini,Parma,Sassuolo,
26,27/02/2027 00:00,Olimpico,Roma,Venezia,
26,27/02/2027 00:00,Olimpico - Grande Torino,Torino,Fiorentina,
27,06/03/2027 00:00,New Balance Arena,Atalanta,Torino,
27,06/03/2027 00:00,Artemio Franchi,Fiorentina,Venezia,
27,06/03/2027 00:00,Allianz Stadium,Juventus,Roma,
27,06/03/2027 00:00,Olimpico,Lazio,Frosinone,
27,06/03/2027 00:00,Ettore Giardiniero - Via Del Mare,Lecce,Como,
27,06/03/2027 00:00,Giuseppe Meazza,Milan,Cagliari,
27,06/03/2027 00:00,Brianteo,Monza,Genoa,
27,06/03/2027 00:00,Diego Armando Maradona,Napoli,Parma,
27,06/03/2027 00:00,Mapei Stadium,Sassuolo,Bologna,
27,06/03/2027 00:00,Friuli/Bluenergy stadium,Udinese,Internazionale,
28,13/03/2027 00:00,Renato Dall'Ara,Bologna,Napoli,
28,13/03/2027 00:00,Unipol Domus,Cagliari,Fiorentina,
28,13/03/2027 00:00,Giuseppe Sinigaglia,Como,Udinese,
28,13/03/2027 00:00,Benito Stirpe,Frosinone,Monza,
28,13/03/2027 00:00,Luigi Ferraris,Genoa,Roma,
28,13/03/2027 00:00,Olimpico,Lazio,Juventus,
28,13/03/2027 00:00,Giuseppe Meazza,Milan,Sassuolo,
28,13/03/2027 00:00,Ennio Tardini,Parma,Lecce,
28,13/03/2027 00:00,Olimpico - Grande Torino,Torino,Internazionale,
28,13/03/2027 00:00,Pier Luigi Penzo,Venezia,Atalanta,
29,20/03/2027 00:00,New Balance Arena,Atalanta,Milan,
29,20/03/2027 00:00,Artemio Franchi,Fiorentina,Genoa,
29,20/03/2027 00:00,Giuseppe Meazza,Internazionale,Frosinone,
29,20/03/2027 00:00,Allianz Stadium,Juventus,Como,
29,20/03/2027 00:00,Brianteo,Monza,Bologna,
29,20/03/2027 00:00,Diego Armando Maradona,Napoli,Venezia,
29,20/03/2027 00:00,Ennio Tardini,Parma,Lazio,
29,20/03/2027 00:00,Olimpico,Roma,Lecce,
29,20/03/2027 00:00,Mapei Stadium,Sassuolo,Cagliari,
29,20/03/2027 00:00,Friuli/Bluenergy stadium,Udinese,Torino,
30,03/04/2027 00:00,Unipol Domus,Cagliari,Napoli,
30,03/04/2027 00:00,Giuseppe Sinigaglia,Como,Fiorentina,
30,03/04/2027 00:00,Benito Stirpe,Frosinone,Udinese,
30,03/04/2027 00:00,Luigi Ferraris,Genoa,Internazionale,
30,03/04/2027 00:00,Ettore Giardiniero - Via Del Mare,Lecce,Lazio,
30,03/04/2027 00:00,Giuseppe Meazza,Milan,Monza,
30,03/04/2027 00:00,Olimpico,Roma,Bologna,
30,03/04/2027 00:00,Mapei Stadium,Sassuolo,Atalanta,
30,03/04/2027 00:00,Olimpico - Grande Torino,Torino,Juventus,
30,03/04/2027 00:00,Pier Luigi Penzo,Venezia,Parma,
31,10/04/2027 00:00,Renato Dall'Ara,Bologna,Venezia,
31,10/04/2027 00:00,Unipol Domus,Cagliari,Atalanta,
31,10/04/2027 00:00,Artemio Franchi,Fiorentina,Milan,
31,10/04/2027 00:00,Benito Stirpe,Frosinone,Genoa,
31,10/04/2027 00:00,Giuseppe Meazza,Internazionale,Roma,
31,10/04/2027 00:00,Allianz Stadium,Juventus,Lecce,
31,10/04/2027 00:00,Olimpico,Lazio,Torino,
31,10/04/2027 00:00,Diego Armando Maradona,Napoli,Sassuolo,
31,10/04/2027 00:00,Ennio Tardini,Parma,Como,
31,10/04/2027 00:00,Friuli/Bluenergy stadium,Udinese,Monza,
32,17/04/2027 00:00,New Balance Arena,Atalanta,Udinese,
32,17/04/2027 00:00,Renato Dall'Ara,Bologna,Cagliari,
32,17/04/2027 00:00,Giuseppe Sinigaglia,Como,Frosinone,
32,17/04/2027 00:00,Artemio Franchi,Fiorentina,Parma,
32,17/04/2027 00:00,Giuseppe Meazza,Milan,Napoli,
32,17/04/2027 00:00,Brianteo,Monza,Internazionale,
32,17/04/2027 00:00,Olimpico,Roma,Lazio,
32,17/04/2027 00:00,Mapei Stadium,Sassuolo,Lecce,
32,17/04/2027 00:00,Olimpico - Grande Torino,Torino,Genoa,
32,17/04/2027 00:00,Pier Luigi Penzo,Venezia,Juventus,
33,24/04/2027 00:00,Unipol Domus,Cagliari,Monza,
33,24/04/2027 00:00,Benito Stirpe,Frosinone,Roma,
33,24/04/2027 00:00,Luigi Ferraris,Genoa,Sassuolo,
33,24/04/2027 00:00,Giuseppe Meazza,Internazionale,Bologna,
33,24/04/2027 00:00,Allianz Stadium,Juventus,Fiorentina,
33,24/04/2027 00:00,Olimpico,Lazio,Como,
33,24/04/2027 00:00,Ettore Giardiniero - Via Del Mare,Lecce,Milan,
33,24/04/2027 00:00,Diego Armando Maradona,Napoli,Udinese,
33,24/04/2027 00:00,Ennio Tardini,Parma,Atalanta,
33,24/04/2027 00:00,Pier Luigi Penzo,Venezia,Torino,
34,01/05/2027 00:00,New Balance Arena,Atalanta,Juventus,
34,01/05/2027 00:00,Renato Dall'Ara,Bologna,Fiorentina,
34,01/05/2027 00:00,Giuseppe Sinigaglia,Como,Internazionale,
34,01/05/2027 00:00,Ettore Giardiniero - Via Del Mare,Lecce,Cagliari,
34,01/05/2027 00:00,Giuseppe Meazza,Milan,Lazio,
34,01/05/2027 00:00,Brianteo,Monza,Venezia,
34,01/05/2027 00:00,Olimpico,Roma,Napoli,
34,01/05/2027 00:00,Mapei Stadium,Sassuolo,Frosinone,
34,01/05/2027 00:00,Olimpico - Grande Torino,Torino,Parma,
34,01/05/2027 00:00,Friuli/Bluenergy stadium,Udinese,Genoa,
35,08/05/2027 00:00,Artemio Franchi,Fiorentina,Roma,
35,08/05/2027 00:00,Benito Stirpe,Frosinone,Atalanta,
35,08/05/2027 00:00,Luigi Ferraris,Genoa,Cagliari,
35,08/05/2027 00:00,Giuseppe Meazza,Internazionale,Lecce,
35,08/05/2027 00:00,Olimpico,Lazio,Sassuolo,
35,08/05/2027 00:00,Diego Armando Maradona,Napoli,Monza,
35,08/05/2027 00:00,Ennio Tardini,Parma,Milan,
35,08/05/2027 00:00,Olimpico - Grande Torino,Torino,Bologna,
35,08/05/2027 00:00,Friuli/Bluenergy stadium,Udinese,Juventus,
35,08/05/2027 00:00,Pier Luigi Penzo,Venezia,Como,
36,15/05/2027 00:00,Renato Dall'Ara,Bologna,Frosinone,
36,15/05/2027 00:00,Unipol Domus,Cagliari,Torino,
36,15/05/2027 00:00,Giuseppe Sinigaglia,Como,Atalanta,
36,15/05/2027 00:00,Allianz Stadium,Juventus,Internazionale,
36,15/05/2027 00:00,Olimpico,Lazio,Udinese,
36,15/05/2027 00:00,Ettore Giardiniero - Via Del Mare,Lecce,Fiorentina,
36,15/05/2027 00:00,Giuseppe Meazza,Milan,Roma,
36,15/05/2027 00:00,Brianteo,Monza,Parma,
36,15/05/2027 00:00,Diego Armando Maradona,Napoli,Genoa,
36,15/05/2027 00:00,Mapei Stadium,Sassuolo,Venezia,
37,22/05/2027 00:00,New Balance Arena,Atalanta,Lecce,
