Div,League,Date,Time,HomeTeam,AwayTeam,AvgH,AvgD,AvgA,AvgOver25,AvgUnder25
D1,Bundesliga,09/10/2026,19:30,Dortmund,Werder Bremen,1.32,5.57,8.15,1.37,2.98
D1,Bundesliga,10/10/2026,14:30,Augsburg,Bayern Munich,11.02,8.1,1.17,1.13,5.48
D1,Bundesliga,10/10/2026,14:30,Hoffenheim,Hamburg,1.41,5,6.39,1.38,2.91
D1,Bundesliga,10/10/2026,14:30,Mainz,Leverkusen,2.88,3.83,2.17,1.42,2.72
D1,Bundesliga,10/10/2026,14:30,Paderborn,Stuttgart,4.65,4.55,1.58,1.36,3.03
D1,Bundesliga,10/10/2026,14:30,Union Berlin,Elversberg,2.29,3.69,2.77,1.52,2.46
D1,Bundesliga,10/10/2026,17:30,RB Leipzig,Ein Frankfurt,1.55,4.73,4.74,1.28,3.51
D1,Bundesliga,11/10/2026,14:30,FC Koln,M'gladbach,2,3.89,3.22,1.47,2.56
D1,Bundesliga,11/10/2026,16:30,Freiburg,Schalke 04,1.64,3.98,4.83,1.58,2.28
E0,Premier League,10/10/2026,12:30,Arsenal,Leeds,1.38,4.78,7.89,1.79,1.96
E0,Premier League,10/10/2026,15:00,Aston Villa,Brentford,2.62,3.5,2.54,1.67,2.11
E0,Premier League,10/10/2026,15:00,Chelsea,Bournemouth,1.66,4.21,4.53,1.47,2.58
E0,Premier League,10/10/2026,15:00,Ipswich,Fulham,2.75,3.48,2.42,1.71,2.05
E0,Premier League,10/10/2026,15:00,Sunderland,Brighton,2.94,3.47,2.3,1.77,1.99
E0,Premier League,10/10/2026,17:30,Man United,Tottenham,1.69,4.16,4.37,1.49,2.52
E0,Premier League,11/10/2026,14:00,Crystal Palace,Nott'm Forest,2.59,3.33,2.64,1.86,1.87
E0,Premier League,11/10/2026,14:00,Hull,Everton,3.58,3.4,2.04,1.96,1.78
E0,Premier League,11/10/2026,16:30,Liverpool,Man City,2.62,3.64,2.44,1.54,2.37
E0,Premier League,12/10/2026,20:00,Coventry,Newcastle,3.25,3.58,2.08,1.63,2.19
E1,Championship,09/10/2026,20:00,West Ham,QPR,1.45,4.68,6.18,1.51,2.46
E1,Championship,10/10/2026,12:30,Charlton,Bristol City,3.13,3.29,2.27,2.04,1.73
E1,Championship,10/10/2026,12:30,Swansea,Norwich,2.36,3.52,2.8,1.7,2.08
E1,Championship,10/10/2026,12:30,West Brom,Birmingham,2.35,3.36,2.94,1.94,1.8
E1,Championship,10/10/2026,15:00,Blackburn,Cardiff,2.64,3.63,2.45,1.6,2.25
E1,Championship,10/10/2026,15:00,Bolton,Stoke,2.69,3.38,2.52,1.83,1.92
E1,Championship,10/10/2026,15:00,Derby,Wrexham,2.67,3.32,2.59,1.98,1.77
E1,Championship,10/10/2026,15:00,Middlesbrough,Wolves,2.22,3.67,2.92,1.6,2.25
E1,Championship,10/10/2026,15:00,Preston,Millwall,2.81,3.44,2.39,1.8,1.94
E1,Championship,10/10/2026,15:00,Sheffield United,Lincoln,2.11,3.37,3.44,1.98,1.77
E1,Championship,10/10/2026,15:00,Watford,Burnley,2.99,3.48,2.26,1.77,1.98
E1,Championship,11/10/2026,12:00,Southampton,Portsmouth,1.57,4.13,5.23,1.63,2.19
E2,League One,10/10/2026,12:30,Notts County,Oxford,2.53,3.37,2.64,1.91,1.82
E2,League One,10/10/2026,12:30,Plymouth,AFC Wimbledon,1.5,4.34,5.79,1.63,2.19
E2,League One,10/10/2026,15:00,Bradford,Leyton Orient,1.7,3.77,4.62,1.84,1.89
E2,League One,10/10/2026,15:00,Cambridge,Blackpool,2.01,3.65,3.35,1.68,2.1
E2,League One,10/10/2026,15:00,Doncaster,Burton,1.67,3.9,4.68,1.75,2
E2,League One,10/10/2026,15:00,Huddersfield,Sheffield Weds,1.71,3.93,4.28,1.57,2.28
E2,League One,10/10/2026,15:00,Leicester,Peterboro,1.58,4.44,4.7,1.4,2.8
E2,League One,10/10/2026,15:00,Mansfield,Bromley,1.77,3.81,4.11,1.64,2.16
E2,League One,10/10/2026,15:00,Milton Keynes Dons,Reading,2.61,3.56,2.47,1.66,2.12
E2,League One,10/10/2026,15:00,Stevenage,Wigan,2.09,3.29,3.48,2.13,1.66
E2,League One,10/10/2026,15:00,Stockport,Barnsley,1.41,4.95,6.39,1.39,2.84
E2,League One,10/10/2026,15:00,Wycombe,Luton,2.6,3.58,2.46,1.64,2.16
E3,League Two,10/10/2026,12:30,Oldham,Accrington,1.64,3.9,4.87,1.75,1.99
E3,League Two,10/10/2026,12:30,Swindon,Crewe,2.54,3.51,2.54,1.71,2.04
E3,League Two,10/10/2026,15:00,Bristol Rvs,Barnet,2.2,3.56,2.95,1.67,2.1
E3,League Two,10/10/2026,15:00,Cheltenham,Salford,3.78,3.73,1.85,1.67,2.09
E3,League Two,10/10/2026,15:00,Crawley Town,Chesterfield,4.64,4.12,1.64,1.54,2.35
E3,League Two,10/10/2026,15:00,Fleetwood Town,Walsall,2.27,3.44,2.94,1.8,1.92
E3,League Two,10/10/2026,15:00,Newport County,Colchester,2.64,3.43,2.49,1.78,1.95
E3,League Two,10/10/2026,15:00,Port Vale,Grimsby,2.5,3.31,2.69,1.91,1.81
E3,League Two,10/10/2026,15:00,Rotherham,Gillingham,1.89,3.49,3.91,1.91,1.82
E3,League Two,10/10/2026,15:00,Shrewsbury,Exeter,2.27,3.27,3.08,2.1,1.67
E3,League Two,10/10/2026,15:00,Tranmere,Rochdale,1.98,3.46,3.6,1.88,1.84
E3,League Two,10/10/2026,15:00,York,Northampton,1.64,3.89,4.89,1.78,1.96
F1,Ligue 1,09/10/2026,19:45,Lens,Lyon,2.38,3.68,2.7,1.51,2.46
F1,Ligue 1,10/10/2026,16:15,Lille,Le Havre,1.42,4.66,6.76,1.6,2.25
F1,Ligue 1,10/10/2026,19:45,Brest,Angers,1.98,3.61,3.53,1.72,2.04
F1,Ligue 1,10/10/2026,19:45,Lorient,Paris FC,3.15,3.33,2.23,1.88,1.85
F1,Ligue 1,10/10/2026,19:45,Monaco,Toulouse,1.59,4.22,5.03,1.55,2.34
F1,Ligue 1,10/10/2026,19:45,Paris SG,Le Mans,1.08,11.3,22.06,1.2,4.24
F1,Ligue 1,11/10/2026,14:00,Nice,Strasbourg,2.29,3.56,2.87,1.66,2.13
F1,Ligue 1,11/10/2026,16:15,Rennes,Auxerre,1.42,4.83,6.43,1.47,2.56
F1,Ligue 1,11/10/2026,19:45,Troyes,Marseille,3.66,3.81,1.88,1.57,2.3
I1,Serie A,10/10/2026,14:00,Genoa,Fiorentina,3.18,3.26,2.27,2.02,1.75
I1,Serie A,10/10/2026,17:00,Inter,Parma,1.13,8.38,17.13,1.33,3.16
I1,Serie A,10/10/2026,19:45,Napoli,Frosinone,1.44,4.74,6.44,1.46,2.6
I1,Serie A,11/10/2026,11:30,Como,Roma,2.54,3.54,2.56,1.61,2.22
I1,Serie A,11/10/2026,14:00,Lazio,Monza,1.57,3.98,5.66,1.84,1.9
I1,Serie A,11/10/2026,14:00,Lecce,Bologna,4.1,3.34,1.91,2.07,1.71
I1,Serie A,11/10/2026,17:00,Sassuolo,Milan,4.04,3.71,1.81,1.72,2.04
I1,Serie A,11/10/2026,19:45,Cagliari,Juventus,6.13,3.89,1.55,1.95,1.79
I1,Serie A,12/10/2026,17:30,Atalanta,Venezia,1.55,4.18,5.52,1.54,2.38
I1,Serie A,12/10/2026,19:45,Torino,Udinese,2.31,3.19,3.12,2.09,1.7
SC0,Scottish Premiership,10/10/2026,15:00,Dundee United,Hibernian,2.66,3.54,2.4,1.62,2.2
SC0,Scottish Premiership,10/10/2026,15:00,Falkirk,Dundee,2.03,3.49,3.42,1.73,2.02
SC0,Scottish Premiership,10/10/2026,15:00,Hearts,St Mirren,1.45,4.74,5.89,1.49,2.5
SC0,Scottish Premiership,10/10/2026,15:00,Rangers,Kilmarnock,1.14,7.75,15.13,1.33,3.15
SC0,Scottish Premiership,11/10/2026,12:00,Motherwell,Celtic,4.77,4.37,1.57,1.44,2.64
SC0,Scottish Premiership,11/10/2026,14:00,Aberdeen,St Johnstone,2.17,3.34,3.19,1.89,1.83
SP1,La Liga,09/10/2026,20:00,Malaga,Espanol,2.8,3.18,2.57,2,1.76
SP1,La Liga,10/10/2026,13:00,Vallecano,Ath Bilbao,2.7,3.34,2.55,1.86,1.86
SP1,La Liga,10/10/2026,15:15,Alaves,Ath Madrid,4.23,3.69,1.8,1.8,1.94
SP1,La Liga,10/10/2026,17:30,Barcelona,Getafe,1.08,11.73,23.81,1.24,3.78
SP1,La Liga,10/10/2026,20:00,Real Madrid,Villarreal,1.36,5.61,6.69,1.26,3.64
SP1,La Liga,11/10/2026,13:00,Elche,Celta,2.72,3.25,2.55,1.96,1.78
SP1,La Liga,11/10/2026,15:15,Sociedad,La Coruna,1.61,3.93,5.19,1.72,2.04
SP1,La Liga,11/10/2026,17:30,Betis,Osasuna,1.53,4.17,5.63,1.72,2.04
SP1,La Liga,11/10/2026,20:00,Santander,Valencia,2.28,3.51,2.89,1.64,2.18
SP1,La Liga,12/10/2026,20:00,Levante,Sevilla,2.68,3.27,2.56,1.99,1.75
