Div,Date,Time,HomeTeam,AwayTeam,FTHG,FTAG,HTHG,HTAG,HC,AC,HY,AY,HR,AR,Referee
MLS,22/02/2025,21:45,Los Angeles FC,Minnesota United,1,0,,,,,,,,,
MLS,23/02/2025,00:30,Atlanta Utd,CF Montreal,3,2,,,,,,,,,
MLS,23/02/2025,00:30,Columbus Crew,Chicago Fire,4,2,,,,,,,,,
MLS,23/02/2025,00:30,DC United,Toronto FC,2,2,,,,,,,,,
MLS,23/02/2025,00:30,FC Cincinnati,New York Red Bulls,1,0,,,,,,,,,
MLS,23/02/2025,00:30,Inter Miami,New York City,2,2,,,,,,,,,
MLS,23/02/2025,00:30,Orlando City,Philadelphia Union,2,4,,,,,,,,,
MLS,23/02/2025,01:30,Austin FC,Sporting Kansas City,1,0,,,,,,,,,
MLS,23/02/2025,01:30,Houston Dynamo,FC Dallas,1,2,,,,,,,,,
MLS,23/02/2025,01:30,Nashville SC,New England Revolution,0,0,,,,,,,,,
MLS,23/02/2025,01:30,St. Louis City,Colorado Rapids,0,0,,,,,,,,,
MLS,23/02/2025,03:30,San Jose Earthquakes,Real Salt Lake,4,0,,,,,,,,,
MLS,23/02/2025,03:30,Seattle Sounders,Charlotte,2,2,,,,,,,,,
MLS,23/02/2025,21:00,Portland Timbers,Vancouver Whitecaps,1,4,,,,,,,,,
MLS,24/02/2025,00:00,Los Angeles Galaxy,San Diego FC,0,2,,,,,,,,,
MLS,01/03/2025,19:15,Charlotte,Atlanta Utd,2,0,,,,,,,,,
MLS,01/03/2025,21:30,Real Salt Lake,Seattle Sounders,2,0,,,,,,,,,
MLS,02/03/2025,00:30,New England Revolution,Columbus Crew,0,1,,,,,,,,,
MLS,02/03/2025,00:30,New York Red Bulls,Nashville SC,2,0,,,,,,,,,
MLS,02/03/2025,00:30,Orlando City,Toronto FC,4,2,,,,,,,,,
MLS,02/03/2025,00:30,Philadelphia Union,FC Cincinnati,4,1,,,,,,,,,
MLS,02/03/2025,01:30,Chicago Fire,DC United,2,2,,,,,,,,,
MLS,02/03/2025,01:30,Minnesota United,CF Montreal,1,0,,,,,,,,,
MLS,02/03/2025,01:30,Sporting Kansas City,San Jose Earthquakes,1,2,,,,,,,,,
MLS,02/03/2025,02:30,Colorado Rapids,FC Dallas,3,3,,,,,,,,,
MLS,02/03/2025,03:30,Los Angeles FC,New York City,1,0,,,,,,,,,
MLS,02/03/2025,03:30,Portland Timbers,Austin FC,1,0,,,,,,,,,
MLS,02/03/2025,03:30,San Diego FC,St. Louis City,0,0,,,,,,,,,
MLS,02/03/2025,22:00,Vancouver Whitecaps,Los Angeles Galaxy,2,1,,,,,,,,,
MLS,03/03/2025,00:00,Houston Dynamo,Inter Miami,1,4,,,,,,,,,
MLS,08/03/2025,19:30,Columbus Crew,Houston Dynamo,0,0,,,,,,,,,
MLS,08/03/2025,21:45,Seattle Sounders,Los Angeles FC,5,2,,,,,,,,,
MLS,09/03/2025,00:30,Atlanta Utd,New York Red Bulls,0,0,,,,,,,,,
MLS,09/03/2025,00:30,DC United,Sporting Kansas City,2,1,,,,,,,,,
MLS,09/03/2025,00:30,FC Cincinnati,Toronto FC,2,0,,,,,,,,,
MLS,09/03/2025,00:30,New England Revolution,Philadelphia Union,0,2,,,,,,,,,
MLS,09/03/2025,00:30,New York City,Orlando City,2,1,,,,,,,,,
MLS,09/03/2025,01:30,Austin FC,Colorado Rapids,0,1,,,,,,,,,
MLS,09/03/2025,01:30,FC Dallas,Chicago Fire,1,3,,,,,,,,,
MLS,09/03/2025,01:30,Nashville SC,Portland Timbers,2,0,,,,,,,,,
MLS,09/03/2025,02:30,Real Salt Lake,San Diego FC,1,3,,,,,,,,,
MLS,09/03/2025,02:30,Vancouver Whitecaps,CF Montreal,2,0,,,,,,,,,
MLS,09/03/2025,03:30,San Jose Earthquakes,Minnesota United,0,1,,,,,,,,,
MLS,09/03/2025,20:00,Inter Miami,Charlotte,1,0,,,,,,,,,
MLS,09/03/2025,23:00,Los Angeles Galaxy,St. Louis City,0,3,,,,,,,,,
MLS,15/03/2025,18:30,New York Red Bulls,Orlando City,2,2,,,,,,,,,
MLS,15/03/2025,18:30,Toronto FC,Chicago Fire,1,2,,,,,,,,,
MLS,15/03/2025,19:45,Los Angeles FC,Austin FC,0,1,,,,,,,,,
MLS,15/03/2025,23:30,DC United,CF Montreal,0,0,,,,,,,,,
MLS,15/03/2025,23:40,Charlotte,FC Cincinnati,2,0,,,,,,,,,
MLS,15/03/2025,23:40,New York City,New England Revolution,2,1,,,,,,,,,
MLS,16/03/2025,00:15,Sporting Kansas City,Minnesota United,3,3,,,,,,,,,
MLS,16/03/2025,00:30,FC Dallas,Vancouver Whitecaps,0,1,,,,,,,,,
MLS,16/03/2025,00:30,Houston Dynamo,Real Salt Lake,1,2,,,,,,,,,
MLS,16/03/2025,00:30,St. Louis City,Seattle Sounders,1,0,,,,,,,,,
MLS,16/03/2025,02:30,San Diego FC,Columbus Crew,1,1,,,,,,,,,
MLS,16/03/2025,02:30,San Jose Earthquakes,Colorado Rapids,1,2,,,,,,,,,
MLS,16/03/2025,18:25,Philadelphia Union,Nashville SC,1,3,,,,,,,,,
MLS,16/03/2025,20:45,Portland Timbers,Los Angeles Galaxy,1,1,,,,,,,,,
MLS,16/03/2025,23:00,Atlanta Utd,Inter Miami,1,2,,,,,,,,,
MLS,22/03/2025,18:30,FC Cincinnati,Atlanta Utd,2,2,,,,,,,,,
MLS,22/03/2025,20:30,Minnesota United,Los Angeles Galaxy,2,2,,,,,,,,,
MLS,22/03/2025,23:30,Charlotte,San Jose Earthquakes,4,1,,,,,,,,,
MLS,22/03/2025,23:30,Columbus Crew,New York City,0,0,,,,,,,,,
MLS,22/03/2025,23:30,New York Red Bulls,Toronto FC,2,1,,,,,,,,,
MLS,22/03/2025,23:30,Orlando City,DC United,4,1,,,,,,,,,
MLS,22/03/2025,23:30,Philadelphia Union,St. Louis City,1,0,,,,,,,,,
MLS,23/03/2025,00:30,Nashville SC,CF Montreal,3,0,,,,,,,,,
MLS,23/03/2025,00:30,Sporting Kansas City,Los Angeles FC,0,2,,,,,,,,,
MLS,23/03/2025,01:30,Colorado Rapids,Portland Timbers,0,3,,,,,,,,,
MLS,23/03/2025,01:30,Real Salt Lake,FC Dallas,0,1,,,,,,,,,
MLS,23/03/2025,02:30,Seattle Sounders,Houston Dynamo,0,0,,,,,,,,,
MLS,23/03/2025,02:30,Vancouver Whitecaps,Chicago Fire,1,3,,,,,,,,,
MLS,23/03/2025,20:00,Austin FC,San Diego FC,2,1,,,,,,,,,
MLS,29/03/2025,18:30,New England Revolution,New York Red Bulls,2,1,,,,,,,,,
MLS,29/03/2025,18:30,Toronto FC,Vancouver Whitecaps,0,0,,,,,,,,,
MLS,29/03/2025,20:30,Colorado Rapids,Charlotte,2,0,,,,,,,,,
MLS,29/03/2025,23:30,Atlanta Utd,New York City,4,3,,,,,,,,,
MLS,29/03/2025,23:30,DC United,Columbus Crew,1,2,,,,,,,,,
MLS,29/03/2025,23:30,Inter Miami,Philadelphia Union,2,1,,,,,,,,,
MLS,30/03/2025,00:30,Chicago Fire,CF Montreal,1,1,,,,,,,,,
MLS,30/03/2025,00:30,FC Dallas,Sporting Kansas City,2,1,,,,,,,,,
MLS,30/03/2025,00:30,Minnesota United,Real Salt Lake,2,0,,,,,,,,,
MLS,30/03/2025,00:30,Nashville SC,FC Cincinnati,1,2,,,,,,,,,
MLS,30/03/2025,03:30,Los Angeles Galaxy,Orlando City,1,2,,,,,,,,,
MLS,30/03/2025,03:30,San Diego FC,Los Angeles FC,3,2,,,,,,,,,
MLS,30/03/2025,03:30,San Jose Earthquakes,Seattle Sounders,1,1,,,,,,,,,
MLS,30/03/2025,19:15,St. Louis City,Austin FC,0,1,,,,,,,,,
MLS,31/03/2025,00:00,Portland Timbers,Houston Dynamo,3,1,,,,,,,,,
MLS,05/04/2025,19:30,Charlotte,Nashville SC,2,1,,,,,,,,,
MLS,05/04/2025,21:30,Real Salt Lake,Los Angeles Galaxy,2,0,,,,,,,,,
MLS,06/04/2025,00:30,Atlanta Utd,FC Dallas,1,1,,,,,,,,,
MLS,06/04/2025,00:30,Columbus Crew,CF Montreal,2,1,,,,,,,,,
MLS,06/04/2025,00:30,FC Cincinnati,New England Revolution,1,0,,,,,,,,,
MLS,06/04/2025,00:30,New York Red Bulls,Chicago Fire,2,1,,,,,,,,,
MLS,06/04/2025,00:30,Philadelphia Union,Orlando City,0,0,,,,,,,,,
MLS,06/04/2025,00:45,Austin FC,Portland Timbers,0,0,,,,,,,,,
MLS,06/04/2025,01:30,Houston Dynamo,Los Angeles FC,1,0,,,,,,,,,
MLS,06/04/2025,01:30,Sporting Kansas City,St. Louis City,2,0,,,,,,,,,
MLS,06/04/2025,02:30,Vancouver Whitecaps,Colorado Rapids,2,0,,,,,,,,,
MLS,06/04/2025,03:30,San Diego FC,Seattle Sounders,3,0,,,,,,,,,
MLS,06/04/2025,20:00,New York City,Minnesota United,1,2,,,,,,,,,
MLS,06/04/2025,22:00,San Jose Earthquakes,DC United,6,1,,,,,,,,,
MLS,07/04/2025,00:00,Inter Miami,Toronto FC,1,1,,,,,,,,,
MLS,12/04/2025,19:30,Toronto FC,Minnesota United,0,0,,,,,,,,,
MLS,12/04/2025,19:45,Atlanta Utd,New England Revolution,0,1,,,,,,,,,
MLS,12/04/2025,21:30,Orlando City,New York Red Bulls,0,0,,,,,,,,,
MLS,13/04/2025,00:30,CF Montreal,Charlotte,0,1,,,,,,,,,
MLS,13/04/2025,00:30,DC United,FC Cincinnati,0,1,,,,,,,,,
MLS,13/04/2025,00:30,New York City,Philadelphia Union,1,0,,,,,,,,,
MLS,13/04/2025,00:30,Vancouver Whitecaps,Austin FC,5,1,,,,,,,,,
MLS,13/04/2025,01:30,FC Dallas,Seattle Sounders,0,1,,,,,,,,,
MLS,13/04/2025,01:30,Nashville SC,Real Salt Lake,2,1,,,,,,,,,
MLS,13/04/2025,02:30,Colorado Rapids,San Diego FC,3,2,,,,,,,,,
MLS,13/04/2025,03:30,Los Angeles FC,San Jose Earthquakes,2,1,,,,,,,,,
MLS,13/04/2025,03:30,Los Angeles Galaxy,Houston Dynamo,1,1,,,,,,,,,
MLS,13/04/2025,19:15,Sporting Kansas City,Portland Timbers,2,4,,,,,,,,,
MLS,13/04/2025,21:30,Chicago Fire,Inter Miami,0,0,,,,,,,,,
MLS,14/04/2025,00:00,St. Louis City,Columbus Crew,1,2,,,,,,,,,
MLS,19/04/2025,18:45,Austin FC,Los Angeles Galaxy,1,0,,,,,,,,,
MLS,19/04/2025,21:30,Columbus Crew,Inter Miami,0,1,,,,,,,,,
MLS,20/04/2025,00:30,CF Montreal,Orlando City,0,0,,,,,,,,,
MLS,20/04/2025,00:30,Charlotte,San Diego FC,3,0,,,,,,,,,
MLS,20/04/2025,00:30,New England Revolution,New York City,2,0,,,,,,,,,
MLS,20/04/2025,00:30,New York Red Bulls,DC United,1,2,,,,,,,,,
MLS,20/04/2025,00:30,Philadelphia Union,Atlanta Utd,3,0,,,,,,,,,
MLS,20/04/2025,00:30,Seattle Sounders,Nashville SC,3,0,,,,,,,,,
MLS,20/04/2025,01:30,Chicago Fire,FC Cincinnati,2,3,,,,,,,,,
MLS,20/04/2025,01:30,Houston Dynamo,Colorado Rapids,2,2,,,,,,,,,
MLS,20/04/2025,01:30,Minnesota United,FC Dallas,0,0,,,,,,,,,
MLS,20/04/2025,01:30,St. Louis City,Vancouver Whitecaps,0,0,,,,,,,,,
MLS,20/04/2025,02:30,Real Salt Lake,Toronto FC,0,1,,,,,,,,,
MLS,20/04/2025,03:15,Portland Timbers,Los Angeles FC,3,3,,,,,,,,,
MLS,20/04/2025,03:30,San Jose Earthquakes,Sporting Kansas City,3,5,,,,,,,,,
MLS,26/04/2025,19:30,FC Cincinnati,Sporting Kansas City,2,1,,,,,,,,,
MLS,26/04/2025,19:30,Toronto FC,New York City,0,1,,,,,,,,,
MLS,26/04/2025,21:30,New York Red Bulls,CF Montreal,1,0,,,,,,,,,
MLS,26/04/2025,21:30,Philadelphia Union,DC United,3,0,,,,,,,,,
MLS,27/04/2025,00:15,Orlando City,Atlanta Utd,3,0,,,,,,,,,
MLS,27/04/2025,00:30,Charlotte,New England Revolution,0,1,,,,,,,,,
MLS,27/04/2025,00:30,Columbus Crew,San Jose Earthquakes,2,1,,,,,,,,,
MLS,27/04/2025,00:30,San Diego FC,Real Salt Lake,1,3,,,,,,,,,
MLS,27/04/2025,01:30,Houston Dynamo,Austin FC,2,0,,,,,,,,,
MLS,27/04/2025,01:30,Nashville SC,Chicago Fire,7,2,,,,,,,,,
MLS,27/04/2025,02:30,Colorado Rapids,Seattle Sounders,1,1,,,,,,,,,
MLS,27/04/2025,20:00,Minnesota United,Vancouver Whitecaps,1,3,,,,,,,,,
MLS,27/04/2025,22:00,Inter Miami,FC Dallas,3,4,,,,,,,,,
MLS,28/04/2025,00:00,Los Angeles FC,St. Louis City,2,2,,,,,,,,,
MLS,28/04/2025,02:00,Los Angeles Galaxy,Portland Timbers,2,4,,,,,,,,,
MLS,03/05/2025,19:45,Atlanta Utd,Nashville SC,1,1,,,,,,,,,
MLS,03/05/2025,21:30,Toronto FC,New England Revolution,0,2,,,,,,,,,
MLS,04/05/2025,00:30,CF Montreal,Philadelphia Union,1,2,,,,,,,,,
MLS,04/05/2025,00:30,Columbus Crew,Charlotte,4,2,,,,,,,,,
MLS,04/05/2025,00:30,DC United,Colorado Rapids,2,1,,,,,,,,,
MLS,04/05/2025,00:30,Inter Miami,New York Red Bulls,4,1,,,,,,,,,
MLS,04/05/2025,01:30,Austin FC,Minnesota United,0,3,,,,,,,,,
MLS,04/05/2025,01:30,Chicago Fire,Orlando City,0,0,,,,,,,,,
MLS,04/05/2025,02:15,San Diego FC,FC Dallas,5,0,,,,,,,,,
MLS,04/05/2025,02:30,Vancouver Whitecaps,Real Salt Lake,2,1,,,,,,,,,
MLS,04/05/2025,03:30,Los Angeles FC,Houston Dynamo,2,0,,,,,,,,,
MLS,04/05/2025,03:30,San Jose Earthquakes,Portland Timbers,4,1,,,,,,,,,
MLS,04/05/2025,03:30,Seattle Sounders,St. Louis City,4,1,,,,,,,,,
MLS,04/05/2025,20:00,New York City,FC Cincinnati,1,0,,,,,,,,,
MLS,05/05/2025,00:00,Sporting Kansas City,Los Angeles Galaxy,1,0,,,,,,,,,
MLS,10/05/2025,19:30,Chicago Fire,Atlanta Utd,2,1,,,,,,,,,
MLS,10/05/2025,21:30,Minnesota United,Inter Miami,4,1,,,,,,,,,
MLS,10/05/2025,21:30,Toronto FC,DC United,2,0,,,,,,,,,
MLS,11/05/2025,00:30,FC Cincinnati,Austin FC,2,1,,,,,,,,,
MLS,11/05/2025,00:30,New York City,CF Montreal,0,1,,,,,,,,,
MLS,11/05/2025,00:30,New York Red Bulls,Los Angeles Galaxy,7,0,,,,,,,,,
MLS,11/05/2025,00:30,Orlando City,New England Revolution,3,3,,,,,,,,,
MLS,11/05/2025,00:30,Philadelphia Union,Columbus Crew,2,2,,,,,,,,,
MLS,11/05/2025,01:30,FC Dallas,Real Salt Lake,1,1,,,,,,,,,
MLS,11/05/2025,01:30,Houston Dynamo,Seattle Sounders,1,3,,,,,,,,,
MLS,11/05/2025,01:30,Nashville SC,Charlotte,2,1,,,,,,,,,
MLS,11/05/2025,01:30,St. Louis City,San Diego FC,1,2,,,,,,,,,
MLS,11/05/2025,02:30,Colorado Rapids,San Jose Earthquakes,0,2,,,,,,,,,
MLS,11/05/2025,03:30,Portland Timbers,Sporting Kansas City,1,0,,,,,,,,,
MLS,12/05/2025,00:00,Vancouver Whitecaps,Los Angeles FC,2,2,,,,,,,,,
MLS,15/05/2025,00:30,CF Montreal,Columbus Crew,1,1,,,,,,,,,
MLS,15/05/2025,00:30,DC United,New York City,0,0,,,,,,,,,
MLS,15/05/2025,00:30,Orlando City,Charlotte,3,1,,,,,,,,,
MLS,15/05/2025,00:30,Philadelphia Union,Los Angeles Galaxy,3,2,,,,,,,,,
MLS,15/05/2025,00:30,Toronto FC,FC Cincinnati,0,1,,,,,,,,,
MLS,15/05/2025,01:30,Houston Dynamo,Minnesota United,2,0,,,,,,,,,
MLS,15/05/2025,01:30,Nashville SC,New York Red Bulls,2,1,,,,,,,,,
MLS,15/05/2025,01:45,St. Louis City,Sporting Kansas City,2,2,,,,,,,,,
MLS,15/05/2025,02:00,Austin FC,Atlanta Utd,1,1,,,,,,,,,
MLS,15/05/2025,02:30,Real Salt Lake,Portland Timbers,0,0,,,,,,,,,
MLS,15/05/2025,03:30,Los Angeles FC,Seattle Sounders,4,0,,,,,,,,,
MLS,15/05/2025,03:30,San Diego FC,Colorado Rapids,2,0,,,,,,,,,
MLS,15/05/2025,03:30,San Jose Earthquakes,Inter Miami,3,3,,,,,,,,,
MLS,17/05/2025,19:30,CF Montreal,Toronto FC,1,6,,,,,,,,,
MLS,17/05/2025,21:30,New York City,New York Red Bulls,2,0,,,,,,,,,
MLS,18/05/2025,00:15,Columbus Crew,FC Cincinnati,1,1,,,,,,,,,
MLS,18/05/2025,00:30,Atlanta Utd,Philadelphia Union,0,1,,,,,,,,,
MLS,18/05/2025,00:30,Charlotte,Chicago Fire,1,4,,,,,,,,,
MLS,18/05/2025,00:30,New England Revolution,San Jose Earthquakes,0,0,,,,,,,,,
MLS,18/05/2025,01:30,Austin FC,Vancouver Whitecaps,0,0,,,,,,,,,
MLS,18/05/2025,01:30,Minnesota United,St. Louis City,3,0,,,,,,,,,
MLS,18/05/2025,01:30,Nashville SC,DC United,0,0,,,,,,,,,
MLS,18/05/2025,02:25,FC Dallas,Houston Dynamo,0,2,,,,,,,,,
MLS,18/05/2025,02:30,Colorado Rapids,Real Salt Lake,1,0,,,,,,,,,
MLS,18/05/2025,02:30,Portland Timbers,Seattle Sounders,1,1,,,,,,,,,
MLS,18/05/2025,03:30,San Diego FC,Sporting Kansas City,0,0,,,,,,,,,
MLS,19/05/2025,00:00,Inter Miami,Orlando City,0,3,,,,,,,,,
MLS,19/05/2025,02:00,Los Angeles Galaxy,Los Angeles FC,2,2,,,,,,,,,
MLS,24/05/2025,20:00,Seattle Sounders,FC Dallas,1,0,,,,,,,,,
MLS,24/05/2025,21:45,San Diego FC,Los Angeles Galaxy,2,1,,,,,,,,,
MLS,25/05/2025,00:30,CF Montreal,Los Angeles FC,2,2,,,,,,,,,
MLS,25/05/2025,00:30,Charlotte,Columbus Crew,3,2,,,,,,,,,
MLS,25/05/2025,00:30,DC United,New York Red Bulls,0,2,,,,,,,,,
MLS,25/05/2025,00:30,Orlando City,Portland Timbers,1,0,,,,,,,,,
MLS,25/05/2025,00:30,Philadelphia Union,Inter Miami,3,3,,,,,,,,,
MLS,25/05/2025,00:30,Toronto FC,Nashville SC,1,2,,,,,,,,,
MLS,25/05/2025,01:30,Minnesota United,Austin FC,1,1,,,,,,,,,
MLS,25/05/2025,01:30,Sporting Kansas City,New England Revolution,3,3,,,,,,,,,
MLS,25/05/2025,02:30,Colorado Rapids,St. Louis City,1,0,,,,,,,,,
MLS,25/05/2025,02:30,Real Salt Lake,Vancouver Whitecaps,2,3,,,,,,,,,
MLS,25/05/2025,03:30,San Jose Earthquakes,Houston Dynamo,3,3,,,,,,,,,
MLS,25/05/2025,20:00,New York City,Chicago Fire,3,1,,,,,,,,,
MLS,26/05/2025,00:00,Atlanta Utd,FC Cincinnati,4,2,,,,,,,,,
MLS,29/05/2025,00:30,Atlanta Utd,Orlando City,3,2,,,,,,,,,
MLS,29/05/2025,00:30,DC United,New England Revolution,1,1,,,,,,,,,
MLS,29/05/2025,00:30,FC Cincinnati,FC Dallas,3,3,,,,,,,,,
MLS,29/05/2025,00:30,Inter Miami,CF Montreal,4,2,,,,,,,,,
MLS,29/05/2025,00:30,New York City,Houston Dynamo,0,3,,,,,,,,,
MLS,29/05/2025,00:30,New York Red Bulls,Charlotte,4,2,,,,,,,,,
MLS,29/05/2025,00:30,Toronto FC,Philadelphia Union,1,2,,,,,,,,,
MLS,29/05/2025,01:00,Columbus Crew,Nashville SC,2,2,,,,,,,,,
MLS,29/05/2025,01:30,Austin FC,Real Salt Lake,1,1,,,,,,,,,
MLS,29/05/2025,01:30,Seattle Sounders,San Diego FC,1,0,,,,,,,,,
MLS,29/05/2025,03:15,Los Angeles Galaxy,San Jose Earthquakes,0,1,,,,,,,,,
MLS,29/05/2025,03:30,Portland Timbers,Colorado Rapids,2,1,,,,,,,,,
MLS,29/05/2025,03:30,Vancouver Whitecaps,Minnesota United,0,0,,,,,,,,,
MLS,31/05/2025,19:30,St. Louis City,San Jose Earthquakes,2,1,,,,,,,,,
MLS,31/05/2025,21:30,Nashville SC,New York City,2,2,,,,,,,,,
MLS,01/06/2025,00:30,CF Montreal,New England Revolution,0,3,,,,,,,,,
MLS,01/06/2025,00:30,FC Cincinnati,DC United,1,2,,,,,,,,,
MLS,01/06/2025,00:30,Inter Miami,Columbus Crew,5,1,,,,,,,,,
MLS,01/06/2025,00:30,New York Red Bulls,Atlanta Utd,2,0,,,,,,,,,
MLS,01/06/2025,00:30,Orlando City,Chicago Fire,1,3,,,,,,,,,
MLS,01/06/2025,00:30,Toronto FC,Charlotte,0,2,,,,,,,,,
MLS,01/06/2025,01:30,FC Dallas,Philadelphia Union,0,0,,,,,,,,,
MLS,01/06/2025,01:30,Houston Dynamo,Sporting Kansas City,1,3,,,,,,,,,
MLS,01/06/2025,03:30,Los Angeles Galaxy,Real Salt Lake,2,0,,,,,,,,,
MLS,01/06/2025,03:30,San Diego FC,Austin FC,2,0,,,,,,,,,
MLS,01/06/2025,23:00,Seattle Sounders,Minnesota United,2,3,,,,,,,,,
MLS,08/06/2025,00:30,DC United,Chicago Fire,1,7,,,,,,,,,
MLS,08/06/2025,02:30,Colorado Rapids,Austin FC,0,2,,,,,,,,,
MLS,09/06/2025,00:00,Portland Timbers,St. Louis City,2,1,,,,,,,,,
MLS,09/06/2025,02:00,Los Angeles FC,Sporting Kansas City,3,1,,,,,,,,,
MLS,09/06/2025,02:00,Vancouver Whitecaps,Seattle Sounders,3,0,,,,,,,,,
MLS,13/06/2025,00:30,New York City,Atlanta Utd,4,0,,,,,,,,,
MLS,14/06/2025,03:30,Portland Timbers,San Jose Earthquakes,1,1,,,,,,,,,
MLS,14/06/2025,21:30,St. Louis City,Los Angeles Galaxy,3,3,,,,,,,,,
MLS,15/06/2025,00:30,Columbus Crew,Vancouver Whitecaps,2,1,,,,,,,,,
MLS,15/06/2025,00:30,New England Revolution,FC Cincinnati,0,1,,,,,,,,,
MLS,15/06/2025,00:30,Philadelphia Union,Charlotte,2,1,,,,,,,,,
MLS,15/06/2025,01:30,Austin FC,New York Red Bulls,2,1,,,,,,,,,
MLS,15/06/2025,01:30,Chicago Fire,Nashville SC,0,2,,,,,,,,,
MLS,15/06/2025,01:30,Houston Dynamo,CF Montreal,1,3,,,,,,,,,
MLS,15/06/2025,01:30,Minnesota United,San Diego FC,2,4,,,,,,,,,
MLS,15/06/2025,01:30,Sporting Kansas City,FC Dallas,2,4,,,,,,,,,
MLS,15/06/2025,02:30,Colorado Rapids,Orlando City,0,1,,,,,,,,,
MLS,15/06/2025,02:30,Real Salt Lake,DC United,2,0,,,,,,,,,
MLS,26/06/2025,00:30,CF Montreal,FC Cincinnati,1,3,,,,,,,,,
MLS,26/06/2025,00:30,Columbus Crew,Atlanta Utd,3,1,,,,,,,,,
MLS,26/06/2025,00:30,New England Revolution,Nashville SC,2,3,,,,,,,,,
MLS,26/06/2025,00:30,Toronto FC,New York Red Bulls,1,1,,,,,,,,,
MLS,26/06/2025,01:30,Chicago Fire,Philadelphia Union,0,1,,,,,,,,,
MLS,26/06/2025,01:30,FC Dallas,San Jose Earthquakes,2,4,,,,,,,,,
MLS,26/06/2025,01:30,Minnesota United,Houston Dynamo,3,1,,,,,,,,,
MLS,26/06/2025,01:30,Sporting Kansas City,Charlotte,2,1,,,,,,,,,
MLS,26/06/2025,01:30,St. Louis City,Orlando City,2,4,,,,,,,,,
MLS,26/06/2025,02:30,Colorado Rapids,Los Angeles Galaxy,2,0,,,,,,,,,
MLS,26/06/2025,03:30,Vancouver Whitecaps,San Diego FC,3,5,,,,,,,,,
MLS,29/06/2025,00:30,CF Montreal,New York City,1,0,,,,,,,,,
MLS,29/06/2025,00:30,DC United,Nashville SC,0,1,,,,,,,,,
MLS,29/06/2025,00:30,New England Revolution,Colorado Rapids,3,3,,,,,,,,,
MLS,29/06/2025,00:30,New York Red Bulls,Minnesota United,2,2,,,,,,,,,
MLS,29/06/2025,00:30,Orlando City,FC Cincinnati,1,2,,,,,,,,,
MLS,29/06/2025,00:30,Toronto FC,Portland Timbers,3,0,,,,,,,,,
MLS,29/06/2025,01:30,Chicago Fire,Charlotte,3,2,,,,,,,,,
MLS,29/06/2025,01:30,FC Dallas,San Diego FC,2,3,,,,,,,,,
MLS,29/06/2025,01:30,Houston Dynamo,St. Louis City,1,0,,,,,,,,,
MLS,29/06/2025,01:30,Sporting Kansas City,Real Salt Lake,1,1,,,,,,,,,
MLS,29/06/2025,03:30,San Jose Earthquakes,Los Angeles Galaxy,1,1,,,,,,,,,
MLS,29/06/2025,03:30,Seattle Sounders,Austin FC,2,0,,,,,,,,,
MLS,29/06/2025,23:00,Columbus Crew,Philadelphia Union,1,0,,,,,,,,,
MLS,30/06/2025,02:30,Los Angeles FC,Vancouver Whitecaps,0,1,,,,,,,,,
MLS,04/07/2025,00:30,New York City,Toronto FC,3,1,,,,,,,,,
MLS,05/07/2025,01:45,FC Dallas,Minnesota United,1,2,,,,,,,,,
MLS,05/07/2025,02:30,Colorado Rapids,Sporting Kansas City,1,2,,,,,,,,,
MLS,05/07/2025,03:30,Los Angeles Galaxy,Vancouver Whitecaps,3,0,,,,,,,,,
MLS,06/07/2025,00:15,Charlotte,Orlando City,2,2,,,,,,,,,
MLS,06/07/2025,00:30,CF Montreal,Inter Miami,1,4,,,,,,,,,
MLS,06/07/2025,00:30,DC United,Atlanta Utd,0,0,,,,,,,,,
MLS,06/07/2025,00:30,FC Cincinnati,Chicago Fire,2,1,,,,,,,,,
MLS,06/07/2025,01:30,Nashville SC,Philadelphia Union,1,0,,,,,,,,,
MLS,06/07/2025,02:30,Real Salt Lake,St. Louis City,3,2,,,,,,,,,
MLS,06/07/2025,03:30,Portland Timbers,New England Revolution,2,1,,,,,,,,,
MLS,06/07/2025,03:30,San Diego FC,Houston Dynamo,3,4,,,,,,,,,
MLS,06/07/2025,03:30,San Jose Earthquakes,New York Red Bulls,1,1,,,,,,,,,
MLS,06/07/2025,22:00,Seattle Sounders,Columbus Crew,1,1,,,,,,,,,
MLS,10/07/2025,00:30,New England Revolution,Inter Miami,1,2,,,,,,,,,
MLS,10/07/2025,03:25,Los Angeles FC,Colorado Rapids,3,0,,,,,,,,,
MLS,13/07/2025,00:30,Charlotte,New York City,2,0,,,,,,,,,
MLS,13/07/2025,00:30,FC Cincinnati,Columbus Crew,2,4,,,,,,,,,
MLS,13/07/2025,00:30,Orlando City,CF Montreal,1,1,,,,,,,,,
MLS,13/07/2025,00:30,Philadelphia Union,New York Red Bulls,2,0,,,,,,,,,
MLS,13/07/2025,00:30,Toronto FC,Atlanta Utd,1,1,,,,,,,,,
MLS,13/07/2025,00:45,Inter Miami,Nashville SC,2,1,,,,,,,,,
MLS,13/07/2025,01:30,Austin FC,New England Revolution,0,0,,,,,,,,,
MLS,13/07/2025,01:30,Chicago Fire,San Diego FC,1,2,,,,,,,,,
MLS,13/07/2025,01:30,Minnesota United,San Jose Earthquakes,4,1,,,,,,,,,
MLS,13/07/2025,01:30,Sporting Kansas City,Seattle Sounders,2,3,,,,,,,,,
MLS,13/07/2025,02:30,Colorado Rapids,Vancouver Whitecaps,3,0,,,,,,,,,
MLS,13/07/2025,02:30,Real Salt Lake,Houston Dynamo,1,0,,,,,,,,,
MLS,13/07/2025,03:30,Los Angeles FC,FC Dallas,2,0,,,,,,,,,
MLS,13/07/2025,03:30,Los Angeles Galaxy,DC United,2,1,,,,,,,,,
MLS,14/07/2025,00:00,St. Louis City,Portland Timbers,2,1,,,,,,,,,
MLS,17/07/2025,00:30,Atlanta Utd,Chicago Fire,2,2,,,,,,,,,
MLS,17/07/2025,00:30,Charlotte,DC United,2,1,,,,,,,,,
MLS,17/07/2025,00:30,FC Cincinnati,Inter Miami,3,0,,,,,,,,,
MLS,17/07/2025,00:30,New York Red Bulls,New England Revolution,5,3,,,,,,,,,
MLS,17/07/2025,00:30,Philadelphia Union,CF Montreal,2,1,,,,,,,,,
MLS,17/07/2025,01:15,Orlando City,New York City,1,2,,,,,,,,,
MLS,17/07/2025,01:30,Houston Dynamo,Vancouver Whitecaps,0,3,,,,,,,,,
MLS,17/07/2025,01:30,Minnesota United,Los Angeles FC,0,1,,,,,,,,,
MLS,17/07/2025,01:30,Nashville SC,Columbus Crew,3,0,,,,,,,,,
MLS,17/07/2025,03:15,Seattle Sounders,Colorado Rapids,3,3,,,,,,,,,
MLS,17/07/2025,03:30,Los Angeles Galaxy,Austin FC,1,2,,,,,,,,,
MLS,17/07/2025,03:30,Portland Timbers,Real Salt Lake,0,1,,,,,,,,,
MLS,17/07/2025,03:30,San Diego FC,Toronto FC,0,1,,,,,,,,,
MLS,17/07/2025,03:30,San Jose Earthquakes,FC Dallas,2,2,,,,,,,,,
MLS,20/07/2025,00:30,Atlanta Utd,Charlotte,2,3,,,,,,,,,
MLS,20/07/2025,00:30,CF Montreal,Chicago Fire,0,2,,,,,,,,,
MLS,20/07/2025,00:30,Columbus Crew,DC United,2,1,,,,,,,,,
MLS,20/07/2025,00:30,New England Revolution,Orlando City,1,2,,,,,,,,,
MLS,20/07/2025,00:30,New York Red Bulls,Inter Miami,1,5,,,,,,,,,
MLS,20/07/2025,01:30,FC Dallas,St. Louis City,3,0,,,,,,,,,
MLS,20/07/2025,01:30,Houston Dynamo,Philadelphia Union,1,1,,,,,,,,,
MLS,20/07/2025,01:30,Nashville SC,Toronto FC,1,0,,,,,,,,,
MLS,20/07/2025,01:30,Seattle Sounders,San Jose Earthquakes,3,2,,,,,,,,,
MLS,20/07/2025,01:30,Sporting Kansas City,New York City,1,1,,,,,,,,,
MLS,20/07/2025,02:30,Real Salt Lake,FC Cincinnati,0,1,,,,,,,,,
MLS,20/07/2025,03:30,Los Angeles FC,Los Angeles Galaxy,3,3,,,,,,,,,
MLS,20/07/2025,03:30,Portland Timbers,Minnesota United,1,1,,,,,,,,,
MLS,20/07/2025,03:30,San Diego FC,Vancouver Whitecaps,1,1,,,,,,,,,
MLS,26/07/2025,00:30,Columbus Crew,Orlando City,1,3,,,,,,,,,
MLS,26/07/2025,00:30,New England Revolution,CF Montreal,1,3,,,,,,,,,
MLS,26/07/2025,01:30,FC Dallas,New York City,3,4,,,,,,,,,
MLS,26/07/2025,03:30,Los Angeles FC,Portland Timbers,0,1,,,,,,,,,
MLS,26/07/2025,03:30,San Diego FC,Nashville SC,1,0,,,,,,,,,
MLS,27/07/2025,00:15,Inter Miami,FC Cincinnati,0,0,,,,,,,,,
MLS,27/07/2025,00:30,Atlanta Utd,Seattle Sounders,2,2,,,,,,,,,
MLS,27/07/2025,00:30,Charlotte,Toronto FC,2,0,,,,,,,,,
MLS,27/07/2025,00:30,DC United,Austin FC,2,4,,,,,,,,,
MLS,27/07/2025,00:30,Philadelphia Union,Colorado Rapids,3,1,,,,,,,,,
MLS,27/07/2025,01:30,Chicago Fire,New York Red Bulls,1,0,,,,,,,,,
MLS,27/07/2025,01:30,St. Louis City,Minnesota United,1,2,,,,,,,,,
MLS,27/07/2025,02:30,Real Salt Lake,San Jose Earthquakes,2,1,,,,,,,,,
MLS,27/07/2025,03:30,Vancouver Whitecaps,Sporting Kansas City,3,0,,,,,,,,,
MLS,10/08/2025,00:30,CF Montreal,Atlanta Utd,1,1,,,,,,,,,
MLS,10/08/2025,00:30,New England Revolution,DC United,2,0,,,,,,,,,
MLS,10/08/2025,00:30,Philadelphia Union,Toronto FC,1,1,,,,,,,,,
MLS,10/08/2025,01:30,Austin FC,Houston Dynamo,2,2,,,,,,,,,
MLS,10/08/2025,01:30,Chicago Fire,Los Angeles FC,2,2,,,,,,,,,
MLS,10/08/2025,01:30,FC Dallas,Portland Timbers,2,0,,,,,,,,,
MLS,10/08/2025,01:30,St. Louis City,Nashville SC,3,1,,,,,,,,,
MLS,10/08/2025,01:45,Sporting Kansas City,San Diego FC,0,2,,,,,,,,,
MLS,10/08/2025,03:30,San Jose Earthquakes,Vancouver Whitecaps,2,1,,,,,,,,,
MLS,10/08/2025,23:00,FC Cincinnati,Charlotte,0,1,,,,,,,,,
MLS,10/08/2025,23:00,Minnesota United,Colorado Rapids,1,2,,,,,,,,,
MLS,10/08/2025,23:00,New York Red Bulls,Real Salt Lake,2,1,,,,,,,,,
MLS,11/08/2025,01:00,Orlando City,Inter Miami,4,1,,,,,,,,,
MLS,11/08/2025,03:00,Los Angeles Galaxy,Seattle Sounders,0,4,,,,,,,,,
MLS,17/08/2025,00:30,CF Montreal,DC United,1,1,,,,,,,,,
MLS,17/08/2025,00:30,Charlotte,Real Salt Lake,1,0,,,,,,,,,
MLS,17/08/2025,00:30,Inter Miami,Los Angeles Galaxy,3,1,,,,,,,,,
MLS,17/08/2025,00:30,New England Revolution,Los Angeles FC,0,2,,,,,,,,,
MLS,17/08/2025,00:30,New York Red Bulls,Philadelphia Union,1,0,,,,,,,,,
MLS,17/08/2025,00:30,Orlando City,Sporting Kansas City,3,1,,,,,,,,,
MLS,17/08/2025,00:30,Toronto FC,Columbus Crew,1,1,,,,,,,,,
MLS,17/08/2025,01:30,Austin FC,FC Dallas,1,1,,,,,,,,,
MLS,17/08/2025,01:30,Chicago Fire,St. Louis City,3,2,,,,,,,,,
MLS,17/08/2025,01:30,Minnesota United,Seattle Sounders,1,0,,,,,,,,,
MLS,17/08/2025,02:30,Colorado Rapids,Atlanta Utd,3,1,,,,,,,,,
MLS,17/08/2025,03:30,Portland Timbers,FC Cincinnati,2,3,,,,,,,,,
MLS,17/08/2025,22:00,New York City,Nashville SC,2,1,,,,,,,,,
MLS,18/08/2025,00:00,San Jose Earthquakes,San Diego FC,1,2,,,,,,,,,
MLS,18/08/2025,02:00,Vancouver Whitecaps,Houston Dynamo,1,1,,,,,,,,,
MLS,24/08/2025,00:30,CF Montreal,Austin FC,3,2,,,,,,,,,
MLS,24/08/2025,00:30,Columbus Crew,New England Revolution,1,2,,,,,,,,,
MLS,24/08/2025,00:30,DC United,Inter Miami,1,1,,,,,,,,,
MLS,24/08/2025,00:30,FC Cincinnati,New York City,0,1,,,,,,,,,
MLS,24/08/2025,00:30,Philadelphia Union,Chicago Fire,4,0,,,,,,,,,
MLS,24/08/2025,01:30,FC Dallas,Los Angeles FC,1,1,,,,,,,,,
MLS,24/08/2025,01:30,Houston Dynamo,San Jose Earthquakes,1,2,,,,,,,,,
MLS,24/08/2025,01:30,Nashville SC,Orlando City,5,1,,,,,,,,,
MLS,24/08/2025,02:30,Real Salt Lake,Minnesota United,1,3,,,,,,,,,
MLS,24/08/2025,02:30,Vancouver Whitecaps,St. Louis City,3,2,,,,,,,,,
MLS,24/08/2025,03:30,Los Angeles Galaxy,Colorado Rapids,3,0,,,,,,,,,
MLS,24/08/2025,03:30,San Diego FC,Portland Timbers,0,0,,,,,,,,,
MLS,24/08/2025,21:00,Atlanta Utd,Toronto FC,0,0,,,,,,,,,
MLS,25/08/2025,00:00,Charlotte,New York Red Bulls,1,0,,,,,,,,,
MLS,25/08/2025,02:15,Seattle Sounders,Sporting Kansas City,5,2,,,,,,,,,
MLS,31/08/2025,00:30,FC Cincinnati,Philadelphia Union,0,1,,,,,,,,,
MLS,31/08/2025,00:30,New England Revolution,Charlotte,1,2,,,,,,,,,
MLS,31/08/2025,00:30,New York City,DC United,1,2,,,,,,,,,
MLS,31/08/2025,00:30,New York Red Bulls,Columbus Crew,0,0,,,,,,,,,
MLS,31/08/2025,00:30,Toronto FC,CF Montreal,1,1,,,,,,,,,
MLS,31/08/2025,01:30,Austin FC,San Jose Earthquakes,3,1,,,,,,,,,
MLS,31/08/2025,01:30,Minnesota United,Portland Timbers,1,1,,,,,,,,,
MLS,31/08/2025,01:30,Nashville SC,Atlanta Utd,0,1,,,,,,,,,
MLS,31/08/2025,01:30,Sporting Kansas City,Colorado Rapids,4,2,,,,,,,,,
MLS,31/08/2025,01:30,St. Louis City,Houston Dynamo,2,3,,,,,,,,,
MLS,01/09/2025,03:45,Los Angeles FC,San Diego FC,1,2,,,,,,,,,
MLS,07/09/2025,01:30,Chicago Fire,New England Revolution,3,2,,,,,,,,,
MLS,07/09/2025,01:30,Houston Dynamo,Los Angeles Galaxy,1,1,,,,,,,,,
MLS,07/09/2025,01:30,St. Louis City,FC Dallas,1,1,,,,,,,,,
MLS,08/09/2025,00:00,Sporting Kansas City,Austin FC,1,2,,,,,,,,,
MLS,14/09/2025,00:30,Atlanta Utd,Columbus Crew,4,5,,,,,,,,,
MLS,14/09/2025,00:30,CF Montreal,St. Louis City,0,2,,,,,,,,,
MLS,14/09/2025,00:30,Charlotte,Inter Miami,3,0,,,,,,,,,
MLS,14/09/2025,00:30,DC United,Orlando City,1,1,,,,,,,,,
MLS,14/09/2025,00:30,FC Cincinnati,Nashville SC,2,1,,,,,,,,,
MLS,14/09/2025,00:30,New England Revolution,Toronto FC,1,1,,,,,,,,,
MLS,14/09/2025,01:30,Chicago Fire,New York City,1,3,,,,,,,,,
MLS,14/09/2025,01:30,FC Dallas,Austin FC,2,0,,,,,,,,,
MLS,14/09/2025,01:30,San Jose Earthquakes,Los Angeles FC,2,4,,,,,,,,,
MLS,14/09/2025,01:30,Seattle Sounders,Los Angeles Galaxy,2,2,,,,,,,,,
MLS,14/09/2025,02:30,Colorado Rapids,Houston Dynamo,2,1,,,,,,,,,
MLS,14/09/2025,02:30,Real Salt Lake,Sporting Kansas City,2,1,,,,,,,,,
MLS,14/09/2025,02:35,Vancouver Whitecaps,Philadelphia Union,7,0,,,,,,,,,
MLS,14/09/2025,03:30,Portland Timbers,New York Red Bulls,2,1,,,,,,,,,
MLS,14/09/2025,03:30,San Diego FC,Minnesota United,1,3,,,,,,,,,
MLS,17/09/2025,00:30,Inter Miami,Seattle Sounders,3,1,,,,,,,,,
MLS,18/09/2025,00:30,New York City,Columbus Crew,3,2,,,,,,,,,
MLS,18/09/2025,02:30,Real Salt Lake,Los Angeles FC,1,4,,,,,,,,,
MLS,20/09/2025,17:00,New York City,Charlotte,2,0,,,,,,,,,
MLS,20/09/2025,19:30,Philadelphia Union,New England Revolution,1,0,,,,,,,,,
MLS,20/09/2025,21:30,Atlanta Utd,San Diego FC,1,1,,,,,,,,,
MLS,21/09/2025,00:30,CF Montreal,New York Red Bulls,0,2,,,,,,,,,
MLS,21/09/2025,00:30,Columbus Crew,Toronto FC,1,1,,,,,,,,,
MLS,21/09/2025,00:30,Inter Miami,DC United,3,2,,,,,,,,,
MLS,21/09/2025,00:30,Orlando City,Nashville SC,3,2,,,,,,,,,
MLS,21/09/2025,01:30,FC Dallas,Colorado Rapids,3,1,,,,,,,,,
MLS,21/09/2025,01:30,Houston Dynamo,Portland Timbers,1,0,,,,,,,,,
MLS,21/09/2025,01:30,Minnesota United,Chicago Fire,0,3,,,,,,,,,
MLS,21/09/2025,01:30,Sporting Kansas City,Vancouver Whitecaps,0,2,,,,,,,,,
MLS,21/09/2025,03:30,Los Angeles Galaxy,FC Cincinnati,2,3,,,,,,,,,
MLS,21/09/2025,03:30,San Jose Earthquakes,St. Louis City,1,3,,,,,,,,,
MLS,22/09/2025,00:00,Austin FC,Seattle Sounders,2,1,,,,,,,,,
MLS,22/09/2025,02:00,Los Angeles FC,Real Salt Lake,4,1,,,,,,,,,
MLS,25/09/2025,00:30,New York City,Inter Miami,0,4,,,,,,,,,
MLS,25/09/2025,03:30,Vancouver Whitecaps,Portland Timbers,1,1,,,,,,,,,
MLS,27/09/2025,21:30,Toronto FC,Inter Miami,1,1,,,,,,,,,
MLS,28/09/2025,00:30,Charlotte,CF Montreal,1,4,,,,,,,,,
MLS,28/09/2025,00:30,DC United,Philadelphia Union,0,6,,,,,,,,,
MLS,28/09/2025,00:30,New England Revolution,Atlanta Utd,2,0,,,,,,,,,
MLS,28/09/2025,00:30,New York Red Bulls,New York City,2,3,,,,,,,,,
MLS,28/09/2025,01:30,Chicago Fire,Columbus Crew,2,0,,,,,,,,,
MLS,28/09/2025,01:30,Nashville SC,Houston Dynamo,3,1,,,,,,,,,
MLS,28/09/2025,01:30,St. Louis City,Los Angeles FC,0,3,,,,,,,,,
MLS,28/09/2025,02:30,Colorado Rapids,Minnesota United,1,1,,,,,,,,,
MLS,28/09/2025,02:30,Real Salt Lake,Austin FC,3,1,,,,,,,,,
MLS,28/09/2025,03:30,Los Angeles Galaxy,Sporting Kansas City,4,1,,,,,,,,,
MLS,28/09/2025,03:30,Portland Timbers,FC Dallas,2,2,,,,,,,,,
MLS,28/09/2025,03:30,San Diego FC,San Jose Earthquakes,0,1,,,,,,,,,
MLS,28/09/2025,03:30,Seattle Sounders,Vancouver Whitecaps,2,2,,,,,,,,,
MLS,29/09/2025,00:00,FC Cincinnati,Orlando City,1,1,,,,,,,,,
MLS,01/10/2025,00:30,Inter Miami,Chicago Fire,3,5,,,,,,,,,
MLS,04/10/2025,19:30,CF Montreal,Nashville SC,1,1,,,,,,,,,
MLS,04/10/2025,19:30,DC United,Charlotte,0,1,,,,,,,,,
MLS,04/10/2025,21:30,FC Dallas,Los Angeles Galaxy,2,1,,,,,,,,,
MLS,05/10/2025,00:30,Inter Miami,New England Revolution,4,1,,,,,,,,,
MLS,05/10/2025,00:30,New York Red Bulls,FC Cincinnati,0,1,,,,,,,,,
MLS,05/10/2025,00:30,Orlando City,Columbus Crew,1,1,,,,,,,,,
MLS,05/10/2025,00:30,Philadelphia Union,New York City,1,0,,,,,,,,,
MLS,05/10/2025,01:30,Austin FC,St. Louis City,1,3,,,,,,,,,
MLS,05/10/2025,01:30,Chicago Fire,Toronto FC,2,2,,,,,,,,,
MLS,05/10/2025,01:30,Houston Dynamo,San Diego FC,2,4,,,,,,,,,
MLS,05/10/2025,01:30,Minnesota United,Sporting Kansas City,3,0,,,,,,,,,
MLS,05/10/2025,02:30,Real Salt Lake,Colorado Rapids,1,0,,,,,,,,,
MLS,05/10/2025,03:30,Seattle Sounders,Portland Timbers,1,0,,,,,,,,,
MLS,05/10/2025,23:00,Vancouver Whitecaps,San Jose Earthquakes,4,1,,,,,,,,,
MLS,06/10/2025,02:00,Los Angeles FC,Atlanta Utd,1,0,,,,,,,,,
MLS,09/10/2025,03:30,Los Angeles FC,Toronto FC,2,0,,,,,,,,,
MLS,12/10/2025,00:30,Inter Miami,Atlanta Utd,4,0,,,,,,,,,
MLS,12/10/2025,00:30,Orlando City,Vancouver Whitecaps,1,2,,,,,,,,,
MLS,12/10/2025,02:30,Seattle Sounders,Real Salt Lake,1,0,,,,,,,,,
MLS,12/10/2025,03:30,Los Angeles Galaxy,FC Dallas,2,1,,,,,,,,,
MLS,13/10/2025,00:00,Austin FC,Los Angeles FC,1,0,,,,,,,,,
MLS,18/10/2025,23:00,Atlanta Utd,DC United,1,1,,,,,,,,,
MLS,18/10/2025,23:00,Charlotte,Philadelphia Union,2,0,,,,,,,,,
MLS,18/10/2025,23:00,Columbus Crew,New York Red Bulls,3,1,,,,,,,,,
MLS,18/10/2025,23:00,FC Cincinnati,CF Montreal,3,0,,,,,,,,,
MLS,18/10/2025,23:00,Nashville SC,Inter Miami,2,5,,,,,,,,,
MLS,18/10/2025,23:00,New England Revolution,Chicago Fire,2,2,,,,,,,,,
MLS,18/10/2025,23:00,New York City,Seattle Sounders,1,2,,,,,,,,,
MLS,18/10/2025,23:00,Toronto FC,Orlando City,4,2,,,,,,,,,
MLS,19/10/2025,02:00,Colorado Rapids,Los Angeles FC,2,2,,,,,,,,,
MLS,19/10/2025,02:00,Los Angeles Galaxy,Minnesota United,2,1,,,,,,,,,
MLS,19/10/2025,02:00,Portland Timbers,San Diego FC,0,4,,,,,,,,,
MLS,19/10/2025,02:00,San Jose Earthquakes,Austin FC,2,1,,,,,,,,,
MLS,19/10/2025,02:00,Sporting Kansas City,Houston Dynamo,0,0,,,,,,,,,
MLS,19/10/2025,02:00,St. Louis City,Real Salt Lake,2,2,,,,,,,,,
MLS,19/10/2025,02:00,Vancouver Whitecaps,FC Dallas,1,2,,,,,,,,,
MLS,23/10/2025,01:30,Chicago Fire,Orlando City,3,1,,,,,,,,,
MLS,23/10/2025,03:30,Portland Timbers,Real Salt Lake,3,1,,,,,,,,,
MLS,25/10/2025,01:00,Inter Miami,Nashville SC,3,1,,,,,,,,,
MLS,26/10/2025,21:30,Philadelphia Union,Chicago Fire,2,2,,,,,,,,,
MLS,26/10/2025,23:30,Vancouver Whitecaps,FC Dallas,3,0,,,,,,,,,
MLS,27/10/2025,01:30,San Diego FC,Portland Timbers,2,1,,,,,,,,,
MLS,27/10/2025,22:45,FC Cincinnati,Columbus Crew,1,0,,,,,,,,,
MLS,28/10/2025,01:00,Minnesota United,Seattle Sounders,0,0,,,,,,,,,
MLS,28/10/2025,22:45,Charlotte,New York City,0,1,,,,,,,,,
MLS,30/10/2025,02:30,Los Angeles FC,Austin FC,2,1,,,,,,,,,
MLS,01/11/2025,19:30,New York City,Charlotte,0,0,,,,,,,,,
MLS,01/11/2025,21:30,Chicago Fire,Philadelphia Union,0,3,,,,,,,,,
MLS,01/11/2025,23:30,Nashville SC,Inter Miami,2,1,,,,,,,,,
MLS,02/11/2025,01:30,FC Dallas,Vancouver Whitecaps,1,1,,,,,,,,,
MLS,02/11/2025,01:30,Portland Timbers,San Diego FC,2,2,,,,,,,,,
MLS,02/11/2025,23:30,Columbus Crew,FC Cincinnati,4,0,,,,,,,,,
MLS,03/11/2025,01:45,Austin FC,Los Angeles FC,1,4,,,,,,,,,
MLS,04/11/2025,03:45,Seattle Sounders,Minnesota United,4,2,,,,,,,,,
MLS,08/11/2025,00:00,Charlotte,New York City,1,3,,,,,,,,,
MLS,08/11/2025,21:00,Minnesota United,Seattle Sounders,3,3,,,,,,,,,
MLS,08/11/2025,23:00,FC Cincinnati,Columbus Crew,2,1,,,,,,,,,
MLS,09/11/2025,01:00,Inter Miami,Nashville SC,4,0,,,,,,,,,
MLS,10/11/2025,02:00,San Diego FC,Portland Timbers,4,0,,,,,,,,,
MLS,23/11/2025,02:30,Vancouver Whitecaps,Los Angeles FC,2,2,,,,,,,,,
MLS,23/11/2025,22:00,FC Cincinnati,Inter Miami,0,4,,,,,,,,,
MLS,24/11/2025,00:45,Philadelphia Union,New York City,0,1,,,,,,,,,
MLS,25/11/2025,03:00,San Diego FC,Minnesota United,1,0,,,,,,,,,
MLS,29/11/2025,23:00,Inter Miami,New York City,5,1,,,,,,,,,
MLS,30/11/2025,02:00,San Diego FC,Vancouver Whitecaps,1,3,,,,,,,,,
MLS,06/12/2025,19:30,Inter Miami,Vancouver Whitecaps,3,1,,,,,,,,,
MLS,21/02/2026,19:30,St. Louis City,Charlotte,1,1,,,,,,,,,
MLS,21/02/2026,21:45,FC Cincinnati,Atlanta Utd,2,0,,,,,,,,,
MLS,22/02/2026,00:30,DC United,Philadelphia Union,1,0,,,,,,,,,
MLS,22/02/2026,00:30,Orlando City,New York Red Bulls,1,2,,,,,,,,,
MLS,22/02/2026,00:30,Vancouver Whitecaps,Real Salt Lake,1,0,,,,,,,,,
MLS,22/02/2026,01:30,Austin FC,Minnesota United,2,2,,,,,,,,,
MLS,22/02/2026,01:30,FC Dallas,Toronto FC,3,2,,,,,,,,,
MLS,22/02/2026,01:30,Houston Dynamo,Chicago Fire,2,1,,,,,,,,,
MLS,22/02/2026,01:30,Nashville SC,New England Revolution,4,1,,,,,,,,,
MLS,22/02/2026,02:30,Los Angeles FC,Inter Miami,3,0,,,,,,,,,
MLS,22/02/2026,03:30,Portland Timbers,Columbus Crew,3,2,,,,,,,,,
MLS,22/02/2026,03:30,San Diego FC,CF Montreal,5,0,,,,,,,,,
MLS,22/02/2026,03:30,San Jose Earthquakes,Sporting Kansas City,3,0,,,,,,,,,
MLS,23/02/2026,00:00,Los Angeles Galaxy,New York City,1,1,,,,,,,,,
MLS,23/02/2026,02:15,Seattle Sounders,Colorado Rapids,2,0,,,,,,,,,
MLS,28/02/2026,19:30,Chicago Fire,CF Montreal,3,0,,,,,,,,,
MLS,28/02/2026,19:30,New York Red Bulls,New England Revolution,1,0,,,,,,,,,
MLS,28/02/2026,21:30,Colorado Rapids,Portland Timbers,2,0,,,,,,,,,
MLS,28/02/2026,21:30,Minnesota United,FC Cincinnati,1,0,,,,,,,,,
MLS,01/03/2026,00:30,Real Salt Lake,Seattle Sounders,2,1,,,,,,,,,
MLS,01/03/2026,00:30,San Jose Earthquakes,Atlanta Utd,2,0,,,,,,,,,
MLS,01/03/2026,01:30,FC Dallas,Nashville SC,0,0,,,,,,,,,
MLS,01/03/2026,01:30,Houston Dynamo,Los Angeles FC,0,2,,,,,,,,,
MLS,01/03/2026,01:30,Sporting Kansas City,Columbus Crew,2,2,,,,,,,,,
MLS,01/03/2026,02:30,Vancouver Whitecaps,Toronto FC,3,0,,,,,,,,,
MLS,01/03/2026,03:30,Los Angeles Galaxy,Charlotte,3,0,,,,,,,,,
MLS,01/03/2026,19:30,Austin FC,DC United,1,0,,,,,,,,,
MLS,01/03/2026,21:30,Philadelphia Union,New York City,1,2,,,,,,,,,
MLS,02/03/2026,00:00,Orlando City,Inter Miami,2,4,,,,,,,,,
MLS,02/03/2026,02:15,San Diego FC,St. Louis City,2,0,,,,,,,,,
MLS,07/03/2026,19:30,New York City,Orlando City,5,0,,,,,,,,,
MLS,07/03/2026,21:30,DC United,Inter Miami,1,2,,,,,,,,,
MLS,08/03/2026,00:30,Atlanta Utd,Real Salt Lake,2,3,,,,,,,,,
MLS,08/03/2026,00:30,Charlotte,Austin FC,3,1,,,,,,,,,
MLS,08/03/2026,00:30,Columbus Crew,Chicago Fire,0,0,,,,,,,,,
MLS,08/03/2026,00:30,Philadelphia Union,San Jose Earthquakes,0,1,,,,,,,,,
MLS,08/03/2026,01:30,Nashville SC,Minnesota United,3,1,,,,,,,,,
MLS,08/03/2026,01:30,Sporting Kansas City,San Diego FC,0,1,,,,,,,,,
MLS,08/03/2026,01:30,St. Louis City,Seattle Sounders,0,1,,,,,,,,,
MLS,08/03/2026,02:30,Colorado Rapids,Los Angeles Galaxy,4,1,,,,,,,,,
MLS,08/03/2026,03:30,Los Angeles FC,FC Dallas,1,0,,,,,,,,,
MLS,08/03/2026,03:30,Portland Timbers,Vancouver Whitecaps,1,4,,,,,,,,,
MLS,08/03/2026,20:30,New York Red Bulls,CF Montreal,0,3,,,,,,,,,
MLS,08/03/2026,23:00,FC Cincinnati,Toronto FC,0,1,,,,,,,,,
MLS,14/03/2026,17:00,Toronto FC,New York Red Bulls,1,1,,,,,,,,,
MLS,14/03/2026,19:15,Atlanta Utd,Philadelphia Union,3,1,,,,,,,,,
MLS,14/03/2026,22:15,Columbus Crew,Nashville SC,0,1,,,,,,,,,
MLS,14/03/2026,23:30,Charlotte,Inter Miami,0,0,,,,,,,,,
MLS,14/03/2026,23:30,New York City,Colorado Rapids,3,1,,,,,,,,,
MLS,14/03/2026,23:30,Orlando City,CF Montreal,2,1,,,,,,,,,
MLS,15/03/2026,00:30,Chicago Fire,DC United,1,2,,,,,,,,,
MLS,15/03/2026,00:30,FC Dallas,San Diego FC,3,3,,,,,,,,,
MLS,15/03/2026,00:30,Houston Dynamo,Portland Timbers,3,2,,,,,,,,,
MLS,15/03/2026,01:30,Los Angeles Galaxy,Sporting Kansas City,1,2,,,,,,,,,
MLS,15/03/2026,01:30,Real Salt Lake,Austin FC,2,1,,,,,,,,,
MLS,15/03/2026,02:30,Los Angeles FC,St. Louis City,2,0,,,,,,,,,
MLS,15/03/2026,18:30,New England Revolution,FC Cincinnati,6,1,,,,,,,,,
MLS,15/03/2026,20:30,Vancouver Whitecaps,Minnesota United,6,0,,,,,,,,,
MLS,15/03/2026,23:00,San Jose Earthquakes,Seattle Sounders,0,1,,,,,,,,,
MLS,21/03/2026,17:00,Toronto FC,Columbus Crew,2,1,,,,,,,,,
MLS,21/03/2026,20:30,Philadelphia Union,Chicago Fire,1,2,,,,,,,,,
MLS,21/03/2026,22:15,Nashville SC,Orlando City,5,0,,,,,,,,,
MLS,21/03/2026,23:30,Atlanta Utd,DC United,0,0,,,,,,,,,
MLS,21/03/2026,23:30,Charlotte,New York Red Bulls,6,1,,,,,,,,,
MLS,22/03/2026,00:30,FC Dallas,Houston Dynamo,4,3,,,,,,,,,
MLS,22/03/2026,00:30,Sporting Kansas City,Colorado Rapids,1,4,,,,,,,,,
MLS,22/03/2026,00:30,St. Louis City,New England Revolution,3,1,,,,,,,,,
MLS,22/03/2026,00:45,Austin FC,Los Angeles FC,0,0,,,,,,,,,
MLS,22/03/2026,02:30,Vancouver Whitecaps,San Jose Earthquakes,0,1,,,,,,,,,
MLS,22/03/2026,17:00,FC Cincinnati,CF Montreal,4,3,,,,,,,,,
MLS,22/03/2026,17:00,New York City,Inter Miami,2,3,,,,,,,,,
MLS,22/03/2026,18:30,Minnesota United,Seattle Sounders,0,0,,,,,,,,,
MLS,22/03/2026,20:45,Portland Timbers,Los Angeles Galaxy,1,1,,,,,,,,,
MLS,22/03/2026,23:00,San Diego FC,Real Salt Lake,2,2,,,,,,,,,
MLS,04/04/2026,18:00,Toronto FC,Colorado Rapids,3,2,,,,,,,,,
MLS,04/04/2026,21:30,New England Revolution,CF Montreal,3,0,,,,,,,,,
MLS,04/04/2026,21:30,Real Salt Lake,Sporting Kansas City,3,1,,,,,,,,,
MLS,05/04/2026,00:30,Atlanta Utd,Columbus Crew,1,3,,,,,,,,,
MLS,05/04/2026,00:30,Charlotte,Philadelphia Union,2,1,,,,,,,,,
MLS,05/04/2026,00:30,DC United,FC Dallas,0,4,,,,,,,,,
MLS,05/04/2026,00:30,Inter Miami,Austin FC,2,2,,,,,,,,,
MLS,05/04/2026,00:30,New York City,St. Louis City,1,1,,,,,,,,,
MLS,05/04/2026,00:30,New York Red Bulls,FC Cincinnati,4,2,,,,,,,,,
MLS,05/04/2026,01:30,Chicago Fire,Nashville SC,1,0,,,,,,,,,
MLS,05/04/2026,01:30,Houston Dynamo,Seattle Sounders,0,1,,,,,,,,,
MLS,05/04/2026,02:30,Los Angeles FC,Orlando City,6,0,,,,,,,,,
MLS,05/04/2026,03:30,Los Angeles Galaxy,Minnesota United,1,2,,,,,,,,,
MLS,05/04/2026,03:30,San Jose Earthquakes,San Diego FC,3,0,,,,,,,,,
MLS,05/04/2026,03:30,Vancouver Whitecaps,Portland Timbers,3,2,,,,,,,,,
MLS,11/04/2026,18:00,Toronto FC,FC Cincinnati,1,1,,,,,,,,,
MLS,11/04/2026,19:30,Austin FC,Los Angeles Galaxy,1,2,,,,,,,,,
MLS,11/04/2026,19:30,CF Montreal,Philadelphia Union,1,2,,,,,,,,,
MLS,11/04/2026,21:45,Portland Timbers,Los Angeles FC,2,1,,,,,,,,,
MLS,12/04/2026,00:30,Charlotte,Nashville SC,1,2,,,,,,,,,
MLS,12/04/2026,00:30,Inter Miami,New York Red Bulls,2,2,,,,,,,,,
MLS,12/04/2026,00:30,New England Revolution,DC United,1,0,,,,,,,,,
MLS,12/04/2026,00:30,Vancouver Whitecaps,New York City,2,0,,,,,,,,,
MLS,12/04/2026,01:30,Chicago Fire,Atlanta Utd,1,0,,,,,,,,,
MLS,12/04/2026,01:30,FC Dallas,St. Louis City,1,1,,,,,,,,,
MLS,12/04/2026,01:30,Sporting Kansas City,San Jose Earthquakes,1,3,,,,,,,,,
MLS,12/04/2026,02:30,Colorado Rapids,Houston Dynamo,6,2,,,,,,,,,
MLS,12/04/2026,03:30,San Diego FC,Minnesota United,1,2,,,,,,,,,
MLS,13/04/2026,00:00,Columbus Crew,Orlando City,1,1,,,,,,,,,
MLS,18/04/2026,03:30,Vancouver Whitecaps,Sporting Kansas City,3,0,,,,,,,,,
MLS,18/04/2026,18:00,Toronto FC,Austin FC,3,3,,,,,,,,,
MLS,18/04/2026,19:30,CF Montreal,New York Red Bulls,4,1,,,,,,,,,
MLS,18/04/2026,21:30,Colorado Rapids,Inter Miami,2,3,,,,,,,,,
MLS,19/04/2026,00:30,Atlanta Utd,Nashville SC,0,2,,,,,,,,,
MLS,19/04/2026,00:30,FC Cincinnati,Chicago Fire,3,3,,,,,,,,,
MLS,19/04/2026,00:30,New England Revolution,Columbus Crew,2,1,,,,,,,,,
MLS,19/04/2026,00:30,New York City,Charlotte,1,2,,,,,,,,,
MLS,19/04/2026,00:30,Orlando City,Houston Dynamo,0,1,,,,,,,,,
MLS,19/04/2026,00:30,Philadelphia Union,DC United,0,0,,,,,,,,,
MLS,19/04/2026,01:30,FC Dallas,Los Angeles Galaxy,2,2,,,,,,,,,
MLS,19/04/2026,01:30,Minnesota United,Portland Timbers,2,0,,,,,,,,,
MLS,19/04/2026,02:30,Real Salt Lake,San Diego FC,4,2,,,,,,,,,
MLS,19/04/2026,02:30,Seattle Sounders,St. Louis City,4,1,,,,,,,,,
MLS,20/04/2026,00:00,Los Angeles FC,San Jose Earthquakes,1,4,,,,,,,,,
MLS,23/04/2026,00:30,Columbus Crew,Los Angeles Galaxy,2,1,,,,,,,,,
MLS,23/04/2026,00:30,New York City,FC Cincinnati,4,4,,,,,,,,,
MLS,23/04/2026,00:30,New York Red Bulls,DC United,4,4,,,,,,,,,
MLS,23/04/2026,00:30,Orlando City,Charlotte,4,1,,,,,,,,,
MLS,23/04/2026,00:30,Toronto FC,Philadelphia Union,3,3,,,,,,,,,
MLS,23/04/2026,00:45,Atlanta Utd,New England Revolution,1,2,,,,,,,,,
MLS,23/04/2026,01:30,FC Dallas,Minnesota United,0,1,,,,,,,,,
MLS,23/04/2026,01:30,Houston Dynamo,San Diego FC,1,0,,,,,,,,,
MLS,23/04/2026,02:30,Real Salt Lake,Inter Miami,0,2,,,,,,,,,
MLS,23/04/2026,03:30,Los Angeles FC,Colorado Rapids,0,0,,,,,,,,,
MLS,23/04/2026,03:30,San Jose Earthquakes,Austin FC,5,1,,,,,,,,,
MLS,25/04/2026,18:00,Toronto FC,Atlanta Utd,1,2,,,,,,,,,
MLS,25/04/2026,19:30,CF Montreal,New York City,1,0,,,,,,,,,
MLS,25/04/2026,21:45,Minnesota United,Los Angeles FC,0,1,,,,,,,,,
MLS,26/04/2026,00:30,Columbus Crew,Philadelphia Union,2,0,,,,,,,,,
MLS,26/04/2026,00:30,DC United,Orlando City,3,2,,,,,,,,,
MLS,26/04/2026,00:30,FC Cincinnati,New York Red Bulls,2,0,,,,,,,,,
MLS,26/04/2026,00:30,Inter Miami,New England Revolution,1,1,,,,,,,,,
MLS,26/04/2026,01:30,Austin FC,Houston Dynamo,2,0,,,,,,,,,
MLS,26/04/2026,01:30,Chicago Fire,Sporting Kansas City,5,0,,,,,,,,,
MLS,26/04/2026,01:30,Nashville SC,Charlotte,4,2,,,,,,,,,
MLS,26/04/2026,01:30,St. Louis City,San Jose Earthquakes,2,3,,,,,,,,,
MLS,26/04/2026,02:30,San Diego FC,Portland Timbers,1,2,,,,,,,,,
MLS,26/04/2026,03:30,Seattle Sounders,FC Dallas,2,1,,,,,,,,,
MLS,26/04/2026,03:30,Vancouver Whitecaps,Colorado Rapids,3,1,,,,,,,,,
MLS,27/04/2026,00:00,Los Angeles Galaxy,Real Salt Lake,2,1,,,,,,,,,
MLS,02/05/2026,18:00,Toronto FC,San Jose Earthquakes,1,1,,,,,,,,,
MLS,02/05/2026,19:30,Sporting Kansas City,Seattle Sounders,1,1,,,,,,,,,
MLS,02/05/2026,21:45,Real Salt Lake,Portland Timbers,2,0,,,,,,,,,
MLS,03/05/2026,00:15,Inter Miami,Orlando City,3,4,,,,,,,,,
MLS,03/05/2026,00:30,Atlanta Utd,CF Montreal,3,1,,,,,,,,,
MLS,03/05/2026,00:30,Columbus Crew,Minnesota United,2,3,,,,,,,,,
MLS,03/05/2026,00:30,New England Revolution,Charlotte,1,0,,,,,,,,,
MLS,03/05/2026,00:30,New York Red Bulls,FC Dallas,0,2,,,,,,,,,
MLS,03/05/2026,00:30,Philadelphia Union,Nashville SC,0,0,,,,,,,,,
MLS,03/05/2026,01:30,Chicago Fire,FC Cincinnati,2,3,,,,,,,,,
MLS,03/05/2026,01:30,Houston Dynamo,Colorado Rapids,1,0,,,,,,,,,
MLS,03/05/2026,02:30,San Diego FC,Los Angeles FC,2,2,,,,,,,,,
MLS,03/05/2026,03:30,Los Angeles Galaxy,Vancouver Whitecaps,1,1,,,,,,,,,
MLS,03/05/2026,20:00,New York City,DC United,0,2,,,,,,,,,
MLS,03/05/2026,22:30,Austin FC,St. Louis City,2,0,,,,,,,,,
MLS,09/05/2026,18:00,Toronto FC,Inter Miami,2,4,,,,,,,,,
MLS,09/05/2026,19:30,Chicago Fire,New York Red Bulls,1,3,,,,,,,,,
MLS,09/05/2026,21:30,CF Montreal,Orlando City,2,0,,,,,,,,,
MLS,10/05/2026,00:30,Atlanta Utd,Los Angeles Galaxy,1,2,,,,,,,,,
MLS,10/05/2026,00:30,Charlotte,FC Cincinnati,2,2,,,,,,,,,
MLS,10/05/2026,00:30,New England Revolution,Philadelphia Union,2,1,,,,,,,,,
MLS,10/05/2026,01:30,FC Dallas,Real Salt Lake,3,1,,,,,,,,,
MLS,10/05/2026,02:15,Nashville SC,DC United,2,2,,,,,,,,,
MLS,10/05/2026,02:30,Colorado Rapids,St. Louis City,0,1,,,,,,,,,
MLS,10/05/2026,03:30,Portland Timbers,Sporting Kansas City,6,0,,,,,,,,,
MLS,10/05/2026,03:30,San Jose Earthquakes,Vancouver Whitecaps,1,1,,,,,,,,,
MLS,10/05/2026,03:30,Seattle Sounders,San Diego FC,1,1,,,,,,,,,
MLS,10/05/2026,21:30,New York City,Columbus Crew,3,0,,,,,,,,,
MLS,11/05/2026,00:00,Minnesota United,Austin FC,2,2,,,,,,,,,
MLS,11/05/2026,02:00,Los Angeles FC,Houston Dynamo,1,4,,,,,,,,,
MLS,14/05/2026,00:15,Charlotte,New York City,0,1,,,,,,,,,
MLS,14/05/2026,00:30,CF Montreal,Portland Timbers,2,2,,,,,,,,,
MLS,14/05/2026,00:30,DC United,Chicago Fire,1,3,,,,,,,,,
MLS,14/05/2026,00:30,FC Cincinnati,Inter Miami,3,5,,,,,,,,,
MLS,14/05/2026,00:30,New England Revolution,Nashville SC,0,3,,,,,,,,,
MLS,14/05/2026,00:30,New York Red Bulls,Columbus Crew,3,2,,,,,,,,,
MLS,14/05/2026,00:30,Orlando City,Philadelphia Union,4,3,,,,,,,,,
MLS,14/05/2026,01:30,FC Dallas,Vancouver Whitecaps,2,3,,,,,,,,,
MLS,14/05/2026,01:30,Minnesota United,Colorado Rapids,0,1,,,,,,,,,
MLS,14/05/2026,01:30,Sporting Kansas City,Los Angeles Galaxy,3,1,,,,,,,,,
MLS,14/05/2026,01:30,St. Louis City,Los Angeles FC,2,1,,,,,,,,,
MLS,14/05/2026,02:30,Real Salt Lake,Houston Dynamo,3,0,,,,,,,,,
MLS,14/05/2026,02:30,San Diego FC,Austin FC,5,0,,,,,,,,,
MLS,14/05/2026,02:30,Seattle Sounders,San Jose Earthquakes,3,2,,,,,,,,,
MLS,16/05/2026,21:30,CF Montreal,Chicago Fire,0,2,,,,,,,,,
MLS,17/05/2026,00:30,Charlotte,Toronto FC,3,1,,,,,,,,,
MLS,17/05/2026,00:30,DC United,St. Louis City,1,1,,,,,,,,,
MLS,17/05/2026,00:30,New England Revolution,Minnesota United,2,1,,,,,,,,,
MLS,17/05/2026,00:30,New York Red Bulls,New York City,1,1,,,,,,,,,
MLS,17/05/2026,00:30,Orlando City,Atlanta Utd,1,1,,,,,,,,,
MLS,17/05/2026,00:30,Philadelphia Union,Columbus Crew,1,1,,,,,,,,,
MLS,17/05/2026,01:30,Austin FC,Sporting Kansas City,1,2,,,,,,,,,
MLS,17/05/2026,01:30,Houston Dynamo,Vancouver Whitecaps,1,0,,,,,,,,,
MLS,17/05/2026,02:15,Seattle Sounders,Los Angeles Galaxy,0,2,,,,,,,,,
MLS,17/05/2026,02:30,Real Salt Lake,Colorado Rapids,2,1,,,,,,,,,
MLS,17/05/2026,02:30,San Diego FC,FC Cincinnati,3,3,,,,,,,,,
MLS,17/05/2026,03:30,San Jose Earthquakes,FC Dallas,2,3,,,,,,,,,
MLS,17/05/2026,23:00,Inter Miami,Portland Timbers,2,0,,,,,,,,,
MLS,18/05/2026,01:00,Nashville SC,Los Angeles FC,3,2,,,,,,,,,
MLS,23/05/2026,19:45,St. Louis City,Austin FC,3,0,,,,,,,,,
MLS,23/05/2026,21:30,Minnesota United,Real Salt Lake,1,1,,,,,,,,,
MLS,24/05/2026,00:30,Charlotte,New England Revolution,1,0,,,,,,,,,
MLS,24/05/2026,00:30,DC United,CF Montreal,4,4,,,,,,,,,
MLS,24/05/2026,00:30,FC Cincinnati,Orlando City,6,2,,,,,,,,,
MLS,24/05/2026,01:30,Chicago Fire,Toronto FC,2,1,,,,,,,,,
MLS,24/05/2026,01:30,Nashville SC,New York City,2,1,,,,,,,,,
MLS,24/05/2026,01:30,Sporting Kansas City,New York Red Bulls,1,2,,,,,,,,,
MLS,24/05/2026,02:30,Colorado Rapids,FC Dallas,1,2,,,,,,,,,
MLS,24/05/2026,02:30,Portland Timbers,San Jose Earthquakes,1,3,,,,,,,,,
MLS,24/05/2026,02:30,San Diego FC,Vancouver Whitecaps,2,4,,,,,,,,,
MLS,24/05/2026,03:30,Los Angeles Galaxy,Houston Dynamo,1,1,,,,,,,,,
MLS,24/05/2026,22:00,Columbus Crew,Atlanta Utd,2,0,,,,,,,,,
MLS,25/05/2026,00:00,Inter Miami,Philadelphia Union,6,4,,,,,,,,,
MLS,25/05/2026,02:15,Los Angeles FC,Seattle Sounders,1,0,,,,,,,,,
MLS,17/07/2026,00:30,CF Montreal,Toronto FC,0,0,,,,,,,,,
MLS,17/07/2026,01:30,St. Louis City,Sporting Kansas City,3,2,,,,,,,,,
MLS,17/07/2026,03:30,Seattle Sounders,Portland Timbers,1,5,,,,,,,,,
MLS,18/07/2026,01:10,Nashville SC,Atlanta Utd,1,0,,,,,,,,,
MLS,18/07/2026,03:25,Los Angeles Galaxy,Los Angeles FC,0,3,,,,,,,,,
MLS,23/07/2026,00:30,Columbus Crew,New York City,1,2,,,,,,,,,
MLS,23/07/2026,00:30,FC Cincinnati,Vancouver Whitecaps,4,3,,,,,,,,,
MLS,23/07/2026,00:30,Inter Miami,Chicago Fire,3,2,,,,,,,,,
MLS,23/07/2026,00:30,New England Revolution,Toronto FC,0,0,,,,,,,,,
MLS,23/07/2026,00:30,Philadelphia Union,New York Red Bulls,3,1,,,,,,,,,
MLS,23/07/2026,01:15,Charlotte,Atlanta Utd,2,2,,,,,,,,,
MLS,23/07/2026,01:30,Houston Dynamo,DC United,1,1,,,,,,,,,
MLS,23/07/2026,01:30,Nashville SC,CF Montreal,1,0,,,,,,,,,
MLS,23/07/2026,01:30,Sporting Kansas City,Minnesota United,2,1,,,,,,,,,
MLS,23/07/2026,02:30,Austin FC,Seattle Sounders,3,1,,,,,,,,,
MLS,23/07/2026,02:30,Colorado Rapids,San Diego FC,1,0,,,,,,,,,
MLS,23/07/2026,03:30,Los Angeles FC,Real Salt Lake,3,1,,,,,,,,,
MLS,23/07/2026,03:30,Los Angeles Galaxy,St. Louis City,1,3,,,,,,,,,
MLS,23/07/2026,03:30,Portland Timbers,FC Dallas,2,2,,,,,,,,,
MLS,23/07/2026,03:30,San Jose Earthquakes,Orlando City,0,4,,,,,,,,,
MLS,25/07/2026,23:30,New York Red Bulls,Charlotte,0,2,,,,,,,,,
MLS,26/07/2026,00:15,Columbus Crew,FC Cincinnati,2,1,,,,,,,,,
MLS,26/07/2026,00:30,CF Montreal,Inter Miami,0,1,,,,,,,,,
MLS,26/07/2026,00:30,DC United,Toronto FC,2,1,,,,,,,,,
MLS,26/07/2026,00:30,New England Revolution,Atlanta Utd,4,1,,,,,,,,,
MLS,26/07/2026,00:30,New York City,Chicago Fire,3,1,,,,,,,,,
MLS,26/07/2026,00:30,Orlando City,Nashville SC,1,0,,,,,,,,,
MLS,26/07/2026,00:30,Philadelphia Union,Seattle Sounders,1,0,,,,,,,,,
MLS,26/07/2026,01:30,Houston Dynamo,Austin FC,3,0,,,,,,,,,
MLS,26/07/2026,01:30,Minnesota United,Vancouver Whitecaps,0,0,,,,,,,,,
MLS,26/07/2026,01:30,St. Louis City,Colorado Rapids,1,0,,,,,,,,,
MLS,26/07/2026,02:30,San Diego FC,FC Dallas,1,0,,,,,,,,,
MLS,26/07/2026,03:30,Los Angeles FC,Sporting Kansas City,4,0,,,,,,,,,
MLS,26/07/2026,03:30,Portland Timbers,Real Salt Lake,2,1,,,,,,,,,
MLS,26/07/2026,03:30,San Jose Earthquakes,Los Angeles Galaxy,1,1,,,,,,,,,
MLS,01/08/2026,00:30,New York City,Toronto FC,1,1,,,,,,,,,
MLS,02/08/2026,00:30,CF Montreal,New England Revolution,2,2,,,,,,,,,
MLS,02/08/2026,00:30,DC United,Nashville SC,2,2,,,,,,,,,
MLS,02/08/2026,00:30,FC Cincinnati,San Jose Earthquakes,4,2,,,,,,,,,
MLS,02/08/2026,00:30,Inter Miami,Columbus Crew,2,2,,,,,,,,,
MLS,02/08/2026,00:30,New York Red Bulls,Orlando City,3,2,,,,,,,,,
MLS,02/08/2026,00:30,Philadelphia Union,Atlanta Utd,3,2,,,,,,,,,
MLS,02/08/2026,00:30,Vancouver Whitecaps,Los Angeles FC,1,1,,,,,,,,,
MLS,02/08/2026,01:30,Chicago Fire,Charlotte,2,1,,,,,,,,,
MLS,02/08/2026,01:30,Minnesota United,San Diego FC,1,1,,,,,,,,,
MLS,02/08/2026,01:30,Sporting Kansas City,Houston Dynamo,0,2,,,,,,,,,
MLS,02/08/2026,01:30,St. Louis City,Real Salt Lake,1,1,,,,,,,,,
MLS,02/08/2026,02:30,Colorado Rapids,Austin FC,1,0,,,,,,,,,
MLS,02/08/2026,03:30,Los Angeles Galaxy,FC Dallas,0,0,,,,,,,,,
MLS,02/08/2026,03:45,Portland Timbers,Seattle Sounders,2,1,,,,,,,,,
MLS,08/08/2026,21:30,New England Revolution,Houston Dynamo,0,2,,,,,,,,,
MLS,16/08/2026,00:30,Atlanta Utd,New York Red Bulls,2,1,,,,,,,,,
MLS,16/08/2026,00:30,CF Montreal,DC United,1,1,,,,,,,,,
MLS,16/08/2026,00:30,Charlotte,Columbus Crew,3,1,,,,,,,,,
MLS,16/08/2026,00:30,Orlando City,FC Cincinnati,1,1,,,,,,,,,
MLS,16/08/2026,00:30,Toronto FC,New England Revolution,2,1,,,,,,,,,
MLS,16/08/2026,01:30,Houston Dynamo,Los Angeles Galaxy,1,0,,,,,,,,,
MLS,16/08/2026,01:30,Nashville SC,Inter Miami,4,1,,,,,,,,,
MLS,16/08/2026,02:30,Colorado Rapids,Sporting Kansas City,2,0,,,,,,,,,
MLS,16/08/2026,02:30,Real Salt Lake,Minnesota United,1,1,,,,,,,,,
MLS,16/08/2026,03:30,Los Angeles FC,San Diego FC,0,1,,,,,,,,,
MLS,16/08/2026,03:30,San Jose Earthquakes,St. Louis City,1,3,,,,,,,,,
MLS,16/08/2026,23:00,Chicago Fire,Portland Timbers,2,1,,,,,,,,,
MLS,16/08/2026,23:00,New York City,Philadelphia Union,2,3,,,,,,,,,
MLS,17/08/2026,01:30,Austin FC,FC Dallas,1,2,,,,,,,,,
MLS,17/08/2026,03:30,Seattle Sounders,Vancouver Whitecaps,0,2,,,,,,,,,
MLS,20/08/2026,00:30,Columbus Crew,CF Montreal,1,2,,,,,,,,,
MLS,20/08/2026,00:30,DC United,New England Revolution,0,3,,,,,,,,,
MLS,20/08/2026,00:30,FC Cincinnati,New York City,2,1,,,,,,,,,
MLS,20/08/2026,00:30,New York Red Bulls,Nashville SC,0,1,,,,,,,,,
MLS,20/08/2026,00:30,Orlando City,Chicago Fire,1,2,,,,,,,,,
MLS,20/08/2026,00:30,Philadelphia Union,Inter Miami,2,2,,,,,,,,,
MLS,20/08/2026,00:30,Toronto FC,Charlotte,3,3,,,,,,,,,
MLS,20/08/2026,01:00,Sporting Kansas City,St. Louis City,1,1,,,,,,,,,
MLS,20/08/2026,01:30,Minnesota United,Atlanta Utd,1,2,,,,,,,,,
MLS,20/08/2026,02:30,Colorado Rapids,Los Angeles FC,1,0,,,,,,,,,
MLS,20/08/2026,02:30,Real Salt Lake,FC Dallas,3,4,,,,,,,,,
MLS,20/08/2026,02:30,Seattle Sounders,Austin FC,1,2,,,,,,,,,
MLS,20/08/2026,03:30,Los Angeles Galaxy,San Jose Earthquakes,1,0,,,,,,,,,
MLS,20/08/2026,03:30,Portland Timbers,San Diego FC,3,1,,,,,,,,,
MLS,20/08/2026,03:30,Vancouver Whitecaps,Houston Dynamo,0,1,,,,,,,,,
MLS,23/08/2026,00:30,CF Montreal,Los Angeles Galaxy,2,2,,,,,,,,,
MLS,23/08/2026,00:30,Charlotte,DC United,3,1,,,,,,,,,
MLS,23/08/2026,00:30,FC Cincinnati,Seattle Sounders,1,1,,,,,,,,,
MLS,23/08/2026,00:30,Inter Miami,Toronto FC,1,2,,,,,,,,,
MLS,23/08/2026,00:30,New York Red Bulls,Chicago Fire,1,1,,,,,,,,,
MLS,23/08/2026,00:30,Orlando City,Real Salt Lake,2,1,,,,,,,,,
MLS,23/08/2026,01:30,Nashville SC,Columbus Crew,3,2,,,,,,,,,
MLS,23/08/2026,01:30,St. Louis City,Houston Dynamo,2,1,,,,,,,,,
MLS,23/08/2026,02:00,Austin FC,Philadelphia Union,1,1,,,,,,,,,
MLS,23/08/2026,02:30,Vancouver Whitecaps,FC Dallas,5,0,,,,,,,,,
MLS,23/08/2026,03:30,Los Angeles FC,Portland Timbers,1,1,,,,,,,,,
MLS,23/08/2026,03:30,San Diego FC,Colorado Rapids,3,0,,,,,,,,,
MLS,23/08/2026,03:30,San Jose Earthquakes,Minnesota United,1,5,,,,,,,,,
MLS,23/08/2026,21:30,New England Revolution,New York City,1,1,,,,,,,,,
MLS,24/08/2026,00:00,Atlanta Utd,Sporting Kansas City,2,1,,,,,,,,,
MLS,29/08/2026,21:30,Seattle Sounders,Chicago Fire,2,2,,,,,,,,,
MLS,30/08/2026,00:30,Atlanta Utd,Charlotte,0,2,,,,,,,,,
MLS,30/08/2026,00:30,DC United,Los Angeles FC,0,0,,,,,,,,,
MLS,30/08/2026,00:30,Inter Miami,CF Montreal,7,1,,,,,,,,,
MLS,30/08/2026,00:30,New York Red Bulls,Philadelphia Union,1,3,,,,,,,,,
MLS,30/08/2026,00:30,Toronto FC,New York City,1,1,,,,,,,,,
MLS,30/08/2026,01:30,Houston Dynamo,San Jose Earthquakes,0,0,,,,,,,,,
MLS,30/08/2026,01:30,Minnesota United,Orlando City,3,3,,,,,,,,,
MLS,30/08/2026,01:30,Nashville SC,FC Cincinnati,4,0,,,,,,,,,
MLS,30/08/2026,01:30,Sporting Kansas City,Vancouver Whitecaps,0,3,,,,,,,,,
MLS,30/08/2026,02:30,Colorado Rapids,Real Salt Lake,1,0,,,,,,,,,
MLS,30/08/2026,03:30,Portland Timbers,Austin FC,1,2,,,,,,,,,
MLS,30/08/2026,03:30,San Diego FC,Los Angeles Galaxy,3,1,,,,,,,,,
MLS,30/08/2026,21:30,Columbus Crew,New England Revolution,1,3,,,,,,,,,
MLS,31/08/2026,00:00,St. Louis City,FC Dallas,3,3,,,,,,,,,
MLS,05/09/2026,00:30,New York City,Nashville SC,0,0,,,,,,,,,
MLS,06/09/2026,00:30,Charlotte,Houston Dynamo,0,0,,,,,,,,,
MLS,06/09/2026,00:30,Columbus Crew,Colorado Rapids,3,0,,,,,,,,,
MLS,06/09/2026,00:30,Inter Miami,Atlanta Utd,2,2,,,,,,,,,
MLS,06/09/2026,00:30,Orlando City,San Diego FC,1,0,,,,,,,,,
MLS,06/09/2026,00:30,Philadelphia Union,CF Montreal,2,0,,,,,,,,,
MLS,06/09/2026,00:30,Toronto FC,Chicago Fire,4,4,,,,,,,,,
MLS,06/09/2026,01:30,Austin FC,San Jose Earthquakes,1,1,,,,,,,,,
MLS,06/09/2026,01:30,FC Dallas,Sporting Kansas City,4,3,,,,,,,,,
MLS,06/09/2026,01:30,Seattle Sounders,New York Red Bulls,0,0,,,,,,,,,
MLS,06/09/2026,02:30,Los Angeles Galaxy,New England Revolution,2,1,,,,,,,,,
MLS,06/09/2026,02:30,Real Salt Lake,Los Angeles FC,2,2,,,,,,,,,
MLS,06/09/2026,03:30,Portland Timbers,Minnesota United,5,4,,,,,,,,,
MLS,06/09/2026,03:30,Vancouver Whitecaps,St. Louis City,1,3,,,,,,,,,
MLS,10/09/2026,00:30,Atlanta Utd,Orlando City,2,3,,,,,,,,,
MLS,10/09/2026,00:30,CF Montreal,Charlotte,1,2,,,,,,,,,
MLS,10/09/2026,00:30,DC United,Columbus Crew,2,1,,,,,,,,,
MLS,10/09/2026,00:30,Toronto FC,Nashville SC,2,1,,,,,,,,,
MLS,10/09/2026,00:45,Philadelphia Union,FC Cincinnati,5,0,,,,,,,,,
MLS,10/09/2026,01:00,New York City,New England Revolution,1,2,,,,,,,,,
MLS,10/09/2026,01:30,Austin FC,Colorado Rapids,1,1,,,,,,,,,
MLS,10/09/2026,01:30,Chicago Fire,Inter Miami,1,1,,,,,,,,,
MLS,10/09/2026,01:30,Houston Dynamo,Real Salt Lake,2,1,,,,,,,,,
MLS,10/09/2026,01:30,Minnesota United,FC Dallas,1,2,,,,,,,,,
MLS,10/09/2026,03:30,Los Angeles FC,New York Red Bulls,2,0,,,,,,,,,
MLS,10/09/2026,03:30,Portland Timbers,St. Louis City,2,2,,,,,,,,,
MLS,10/09/2026,03:30,San Diego FC,San Jose Earthquakes,2,3,,,,,,,,,
MLS,10/09/2026,03:30,Vancouver Whitecaps,Los Angeles Galaxy,3,0,,,,,,,,,
MLS,13/09/2026,00:30,Columbus Crew,New York Red Bulls,0,1,,,,,,,,,
MLS,13/09/2026,00:30,DC United,Atlanta Utd,0,0,,,,,,,,,
MLS,13/09/2026,00:30,FC Cincinnati,Charlotte,3,3,,,,,,,,,
MLS,13/09/2026,00:30,Inter Miami,Nashville SC,2,2,,,,,,,,,
MLS,13/09/2026,00:30,Orlando City,Toronto FC,3,0,,,,,,,,,
MLS,13/09/2026,01:30,FC Dallas,Portland Timbers,2,1,,,,,,,,,
MLS,13/09/2026,01:30,Sporting Kansas City,Los Angeles FC,3,1,,,,,,,,,
MLS,13/09/2026,01:30,St. Louis City,Minnesota United,4,2,,,,,,,,,
MLS,13/09/2026,02:30,Colorado Rapids,CF Montreal,1,0,,,,,,,,,
MLS,13/09/2026,02:30,Real Salt Lake,New York City,0,2,,,,,,,,,
MLS,13/09/2026,03:30,Los Angeles Galaxy,Seattle Sounders,1,1,,,,,,,,,
MLS,13/09/2026,03:30,San Jose Earthquakes,Houston Dynamo,1,0,,,,,,,,,
MLS,13/09/2026,22:30,Chicago Fire,New England Revolution,1,2,,,,,,,,,
MLS,13/09/2026,23:30,Vancouver Whitecaps,Austin FC,1,2,,,,,,,,,
MLS,14/09/2026,02:00,San Diego FC,Philadelphia Union,0,5,,,,,,,,,
MLS,19/09/2026,00:30,New York City,New York Red Bulls,0,1,,,,,,,,,
MLS,20/09/2026,00:30,CF Montreal,Columbus Crew,0,2,,,,,,,,,
MLS,20/09/2026,00:30,DC United,Charlotte,1,2,,,,,,,,,
MLS,20/09/2026,00:30,New England Revolution,Orlando City,4,2,,,,,,,,,
MLS,20/09/2026,00:30,San Jose Earthquakes,Los Angeles FC,2,2,,,,,,,,,
MLS,20/09/2026,01:30,FC Dallas,Austin FC,0,0,,,,,,,,,
MLS,20/09/2026,01:30,Houston Dynamo,FC Cincinnati,2,2,,,,,,,,,
MLS,20/09/2026,01:30,Minnesota United,Los Angeles Galaxy,2,3,,,,,,,,,
MLS,20/09/2026,01:30,Sporting Kansas City,Philadelphia Union,3,4,,,,,,,,,
MLS,20/09/2026,01:30,St. Louis City,Toronto FC,3,1,,,,,,,,,
MLS,20/09/2026,02:30,Colorado Rapids,Seattle Sounders,3,3,,,,,,,,,
MLS,20/09/2026,02:30,Nashville SC,Chicago Fire,3,0,,,,,,,,,
MLS,20/09/2026,02:30,Real Salt Lake,Vancouver Whitecaps,0,3,,,,,,,,,
MLS,20/09/2026,03:30,Portland Timbers,Atlanta Utd,0,1,,,,,,,,,
MLS,21/09/2026,00:00,Inter Miami,San Diego FC,2,2,,,,,,,,,
MLS,24/09/2026,02:30,Seattle Sounders,Real Salt Lake,2,0,,,,,,,,,
MLS,27/09/2026,00:30,Atlanta Utd,New York City,2,2,,,,,,,,,
MLS,27/09/2026,00:30,CF Montreal,FC Cincinnati,3,1,,,,,,,,,
MLS,27/09/2026,00:30,Charlotte,Chicago Fire,0,1,,,,,,,,,
MLS,27/09/2026,00:30,Philadelphia Union,Orlando City,4,2,,,,,,,,,
MLS,27/09/2026,01:30,Austin FC,San Diego FC,3,3,,,,,,,,,
MLS,27/09/2026,01:30,FC Dallas,Los Angeles FC,1,0,,,,,,,,,
MLS,27/09/2026,01:30,Houston Dynamo,Sporting Kansas City,0,2,,,,,,,,,
MLS,27/09/2026,01:30,Nashville SC,Toronto FC,2,0,,,,,,,,,
MLS,27/09/2026,01:30,Seattle Sounders,Minnesota United,3,1,,,,,,,,,
MLS,27/09/2026,02:30,Real Salt Lake,New England Revolution,3,0,,,,,,,,,
MLS,27/09/2026,03:30,Los Angeles Galaxy,Colorado Rapids,3,2,,,,,,,,,
MLS,27/09/2026,03:30,San Jose Earthquakes,Portland Timbers,3,1,,,,,,,,,
MLS,27/09/2026,03:30,Vancouver Whitecaps,DC United,3,3,,,,,,,,,
MLS,28/09/2026,00:00,Columbus Crew,Inter Miami,2,1,,,,,,,,,
MLS,01/10/2026,00:30,New York Red Bulls,St. Louis City,0,3,,,,,,,,,
MLS,02/10/2026,02:30,Seattle Sounders,Sporting Kansas City,2,1,,,,,,,,,
