season,week,game_id,team,opponent,venue,gameday,gametime,points_for,points_against,passing_tds_for,passing_tds_against,rushing_tds_for,rushing_tds_against
2025,1,2025_01_ARI_NO,ARI,NO,A,2025-09-07,13:00,20.0,13.0,2,0,0,1
2025,1,2025_01_ARI_NO,NO,ARI,H,2025-09-07,13:00,13.0,20.0,0,2,1,0
2025,1,2025_01_TB_ATL,ATL,TB,H,2025-09-07,13:00,20.0,23.0,1,3,1,0
2025,1,2025_01_TB_ATL,TB,ATL,A,2025-09-07,13:00,23.0,20.0,3,1,0,1
2025,1,2025_01_BAL_BUF,BAL,BUF,A,2025-09-07,20:20,40.0,41.0,2,2,3,3
2025,1,2025_01_BAL_BUF,BUF,BAL,H,2025-09-07,20:20,41.0,40.0,2,2,3,3
2025,1,2025_01_CAR_JAX,CAR,JAX,A,2025-09-07,13:00,10.0,26.0,1,1,0,1
2025,1,2025_01_CAR_JAX,JAX,CAR,H,2025-09-07,13:00,26.0,10.0,1,1,1,0
2025,1,2025_01_MIN_CHI,CHI,MIN,H,2025-09-08,20:15,24.0,27.0,1,2,1,1
2025,1,2025_01_MIN_CHI,MIN,CHI,A,2025-09-08,20:15,27.0,24.0,2,1,1,1
2025,1,2025_01_CIN_CLE,CIN,CLE,A,2025-09-07,13:00,17.0,16.0,1,1,1,1
2025,1,2025_01_CIN_CLE,CLE,CIN,H,2025-09-07,13:00,16.0,17.0,1,1,1,1
2025,1,2025_01_DAL_PHI,DAL,PHI,A,2025-09-04,20:20,20.0,24.0,0,0,2,3
2025,1,2025_01_DAL_PHI,PHI,DAL,H,2025-09-04,20:20,24.0,20.0,0,0,3,2
2025,1,2025_01_TEN_DEN,DEN,TEN,H,2025-09-07,16:05,20.0,12.0,1,0,1,0
2025,1,2025_01_TEN_DEN,TEN,DEN,A,2025-09-07,16:05,12.0,20.0,0,1,0,1
2025,1,2025_01_DET_GB,DET,GB,A,2025-09-07,16:25,13.0,27.0,1,2,0,1
2025,1,2025_01_DET_GB,GB,DET,H,2025-09-07,16:25,27.0,13.0,2,1,1,0
2025,1,2025_01_HOU_LA,HOU,LA,A,2025-09-07,16:25,9.0,14.0,0,1,0,1
2025,1,2025_01_HOU_LA,LA,HOU,H,2025-09-07,16:25,14.0,9.0,1,0,1,0
2025,1,2025_01_MIA_IND,IND,MIA,H,2025-09-07,13:00,33.0,8.0,1,1,2,0
2025,1,2025_01_MIA_IND,MIA,IND,A,2025-09-07,13:00,8.0,33.0,1,1,0,2
2025,1,2025_01_KC_LAC,KC,LAC,A,2025-09-05,20:00,21.0,27.0,1,3,1,0
2025,1,2025_01_KC_LAC,LAC,KC,H,2025-09-05,20:00,27.0,21.0,3,1,0,1
2025,1,2025_01_LV_NE,LV,NE,A,2025-09-07,13:00,20.0,13.0,1,1,1,0
2025,1,2025_01_LV_NE,NE,LV,H,2025-09-07,13:00,13.0,20.0,1,1,0,1
2025,1,2025_01_NYG_WAS,NYG,WAS,A,2025-09-07,13:00,6.0,21.0,0,1,0,2
2025,1,2025_01_NYG_WAS,WAS,NYG,H,2025-09-07,13:00,21.0,6.0,1,0,2,0
2025,1,2025_01_PIT_NYJ,NYJ,PIT,H,2025-09-07,13:00,32.0,34.0,1,4,3,0
2025,1,2025_01_PIT_NYJ,PIT,NYJ,A,2025-09-07,13:00,34.0,32.0,4,1,0,3
2025,1,2025_01_SF_SEA,SEA,SF,H,2025-09-07,16:05,13.0,17.0,0,2,1,0
2025,1,2025_01_SF_SEA,SF,SEA,A,2025-09-07,16:05,17.0,13.0,2,0,0,1
2025,2,2025_02_CAR_ARI,ARI,CAR,H,2025-09-14,16:05,27.0,22.0,1,3,1,0
2025,2,2025_02_CAR_ARI,CAR,ARI,A,2025-09-14,16:05,22.0,27.0,3,1,0,1
2025,2,2025_02_ATL_MIN,ATL,MIN,A,2025-09-14,20:20,22.0,6.0,0,0,1,0
2025,2,2025_02_ATL_MIN,MIN,ATL,H,2025-09-14,20:20,6.0,22.0,0,0,0,1
2025,2,2025_02_CLE_BAL,BAL,CLE,H,2025-09-14,13:00,41.0,17.0,4,2,0,0
2025,2,2025_02_CLE_BAL,CLE,BAL,A,2025-09-14,13:00,17.0,41.0,2,4,0,0
2025,2,2025_02_BUF_NYJ,BUF,NYJ,A,2025-09-14,13:00,30.0,10.0,0,1,3,0
2025,2,2025_02_BUF_NYJ,NYJ,BUF,H,2025-09-14,13:00,10.0,30.0,1,0,0,3
2025,2,2025_02_CHI_DET,CHI,DET,A,2025-09-14,13:00,21.0,52.0,2,5,1,2
2025,2,2025_02_CHI_DET,DET,CHI,H,2025-09-14,13:00,52.0,21.0,5,2,2,1
2025,2,2025_02_JAX_CIN,CIN,JAX,H,2025-09-14,13:00,31.0,27.0,3,3,1,0
2025,2,2025_02_JAX_CIN,JAX,CIN,A,2025-09-14,13:00,27.0,31.0,3,3,0,1
2025,2,2025_02_NYG_DAL,DAL,NYG,H,2025-09-14,13:00,40.0,37.0,2,3,2,1
2025,2,2025_02_NYG_DAL,NYG,DAL,A,2025-09-14,13:00,37.0,40.0,3,2,1,2
2025,2,2025_02_DEN_IND,DEN,IND,A,2025-09-14,16:05,28.0,29.0,3,1,1,1
2025,2,2025_02_DEN_IND,IND,DEN,H,2025-09-14,16:05,29.0,28.0,1,3,1,1
2025,2,2025_02_WAS_GB,GB,WAS,H,2025-09-11,20:15,27.0,18.0,2,2,1,0
2025,2,2025_02_WAS_GB,WAS,GB,A,2025-09-11,20:15,18.0,27.0,2,2,0,1
2025,2,2025_02_TB_HOU,HOU,TB,H,2025-09-15,19:00,19.0,20.0,1,2,1,1
2025,2,2025_02_TB_HOU,TB,HOU,A,2025-09-15,19:00,20.0,19.0,2,1,1,1
2025,2,2025_02_PHI_KC,KC,PHI,H,2025-09-14,16:25,17.0,20.0,1,0,1,2
2025,2,2025_02_PHI_KC,PHI,KC,A,2025-09-14,16:25,20.0,17.0,0,1,2,1
2025,2,2025_02_LA_TEN,LA,TEN,A,2025-09-14,13:00,33.0,19.0,2,1,2,0
2025,2,2025_02_LA_TEN,TEN,LA,H,2025-09-14,13:00,19.0,33.0,1,2,0,2
2025,2,2025_02_LAC_LV,LAC,LV,A,2025-09-15,22:00,20.0,9.0,2,0,0,0
2025,2,2025_02_LAC_LV,LV,LAC,H,2025-09-15,22:00,9.0,20.0,0,2,0,0
2025,2,2025_02_NE_MIA,MIA,NE,H,2025-09-14,13:00,27.0,33.0,2,2,0,1
2025,2,2025_02_NE_MIA,NE,MIA,A,2025-09-14,13:00,33.0,27.0,2,2,1,0
2025,2,2025_02_SF_NO,NO,SF,H,2025-09-14,13:00,21.0,26.0,3,3,0,0
2025,2,2025_02_SF_NO,SF,NO,A,2025-09-14,13:00,26.0,21.0,3,3,0,0
2025,2,2025_02_SEA_PIT,PIT,SEA,H,2025-09-14,13:00,17.0,31.0,1,2,0,1
2025,2,2025_02_SEA_PIT,SEA,PIT,A,2025-09-14,13:00,31.0,17.0,2,1,1,0
2025,3,2025_03_ARI_SF,ARI,SF,A,2025-09-21,16:25,15.0,16.0,1,1,0,0
2025,3,2025_03_ARI_SF,SF,ARI,H,2025-09-21,16:25,16.0,15.0,1,1,0,0
2025,3,2025_03_ATL_CAR,ATL,CAR,A,2025-09-21,13:00,0.0,30.0,0,0,0,2
2025,3,2025_03_ATL_CAR,CAR,ATL,H,2025-09-21,13:00,30.0,0.0,0,0,2,0
2025,3,2025_03_DET_BAL,BAL,DET,H,2025-09-22,20:15,30.0,38.0,3,1,1,4
2025,3,2025_03_DET_BAL,DET,BAL,A,2025-09-22,20:15,38.0,30.0,1,3,4,1
2025,3,2025_03_MIA_BUF,BUF,MIA,H,2025-09-18,20:15,31.0,21.0,3,2,1,1
2025,3,2025_03_MIA_BUF,MIA,BUF,A,2025-09-18,20:15,21.0,31.0,2,3,1,1
2025,3,2025_03_DAL_CHI,CHI,DAL,H,2025-09-21,16:25,31.0,14.0,4,1,0,0
2025,3,2025_03_DAL_CHI,DAL,CHI,A,2025-09-21,16:25,14.0,31.0,1,4,0,0
2025,3,2025_03_CIN_MIN,CIN,MIN,A,2025-09-21,13:00,10.0,48.0,1,2,0,2
2025,3,2025_03_CIN_MIN,MIN,CIN,H,2025-09-21,13:00,48.0,10.0,2,1,2,0
2025,3,2025_03_GB_CLE,CLE,GB,H,2025-09-21,13:00,13.0,10.0,0,1,1,0
2025,3,2025_03_GB_CLE,GB,CLE,A,2025-09-21,13:00,10.0,13.0,1,0,0,1
2025,3,2025_03_DEN_LAC,DEN,LAC,A,2025-09-21,16:05,20.0,23.0,1,1,1,1
2025,3,2025_03_DEN_LAC,LAC,DEN,H,2025-09-21,16:05,23.0,20.0,1,1,1,1
2025,3,2025_03_HOU_JAX,HOU,JAX,A,2025-09-21,13:00,10.0,17.0,1,0,0,2
2025,3,2025_03_HOU_JAX,JAX,HOU,H,2025-09-21,13:00,17.0,10.0,0,1,2,0
2025,3,2025_03_IND_TEN,IND,TEN,A,2025-09-21,13:00,41.0,20.0,1,1,3,1
2025,3,2025_03_IND_TEN,TEN,IND,H,2025-09-21,13:00,20.0,41.0,1,1,1,3
2025,3,2025_03_KC_NYG,KC,NYG,A,2025-09-21,20:20,22.0,9.0,1,0,1,1
2025,3,2025_03_KC_NYG,NYG,KC,H,2025-09-21,20:20,9.0,22.0,0,1,1,1
2025,3,2025_03_LA_PHI,LA,PHI,A,2025-09-21,13:00,26.0,33.0,2,3,0,1
2025,3,2025_03_LA_PHI,PHI,LA,H,2025-09-21,13:00,33.0,26.0,3,2,1,0
2025,3,2025_03_LV_WAS,LV,WAS,A,2025-09-21,13:00,24.0,41.0,3,1,0,3
2025,3,2025_03_LV_WAS,WAS,LV,H,2025-09-21,13:00,41.0,24.0,1,3,3,0
2025,3,2025_03_PIT_NE,NE,PIT,H,2025-09-21,13:00,14.0,21.0,2,2,0,1
2025,3,2025_03_PIT_NE,PIT,NE,A,2025-09-21,13:00,21.0,14.0,2,2,1,0
2025,3,2025_03_NO_SEA,NO,SEA,A,2025-09-21,16:05,13.0,44.0,1,2,0,2
2025,3,2025_03_NO_SEA,SEA,NO,H,2025-09-21,16:05,44.0,13.0,2,1,2,0
2025,3,2025_03_NYJ_TB,NYJ,TB,A,2025-09-21,13:00,27.0,29.0,2,1,0,0
2025,3,2025_03_NYJ_TB,TB,NYJ,H,2025-09-21,13:00,29.0,27.0,1,2,0,0
2025,4,2025_04_SEA_ARI,ARI,SEA,H,2025-09-25,20:15,20.0,23.0,2,1,0,1
2025,4,2025_04_SEA_ARI,SEA,ARI,A,2025-09-25,20:15,23.0,20.0,1,2,1,0
2025,4,2025_04_WAS_ATL,ATL,WAS,H,2025-09-28,13:00,34.0,27.0,2,2,2,0
2025,4,2025_04_WAS_ATL,WAS,ATL,A,2025-09-28,13:00,27.0,34.0,2,2,0,2
2025,4,2025_04_BAL_KC,BAL,KC,A,2025-09-28,16:25,20.0,37.0,1,4,1,0
2025,4,2025_04_BAL_KC,KC,BAL,H,2025-09-28,16:25,37.0,20.0,4,1,0,1
2025,4,2025_04_NO_BUF,BUF,NO,H,2025-09-28,13:00,31.0,19.0,2,1,2,1
2025,4,2025_04_NO_BUF,NO,BUF,A,2025-09-28,13:00,19.0,31.0,1,2,1,2
2025,4,2025_04_CAR_NE,CAR,NE,A,2025-09-28,13:00,13.0,42.0,2,2,0,3
2025,4,2025_04_CAR_NE,NE,CAR,H,2025-09-28,13:00,42.0,13.0,2,2,3,0
2025,4,2025_04_CHI_LV,CHI,LV,A,2025-09-28,16:25,25.0,24.0,1,2,1,1
2025,4,2025_04_CHI_LV,LV,CHI,H,2025-09-28,16:25,24.0,25.0,2,1,1,1
2025,4,2025_04_CIN_DEN,CIN,DEN,A,2025-09-29,20:15,3.0,28.0,0,2,0,2
2025,4,2025_04_CIN_DEN,DEN,CIN,H,2025-09-29,20:15,28.0,3.0,2,0,2,0
2025,4,2025_04_CLE_DET,CLE,DET,A,2025-09-28,13:00,10.0,34.0,0,2,1,1
2025,4,2025_04_CLE_DET,DET,CLE,H,2025-09-28,13:00,34.0,10.0,2,0,1,1
2025,4,2025_04_GB_DAL,DAL,GB,H,2025-09-28,20:20,40.0,40.0,3,3,2,2
2025,4,2025_04_GB_DAL,GB,DAL,A,2025-09-28,20:20,40.0,40.0,3,3,2,2
2025,4,2025_04_TEN_HOU,HOU,TEN,H,2025-09-28,13:00,26.0,0.0,2,0,1,0
2025,4,2025_04_TEN_HOU,TEN,HOU,A,2025-09-28,13:00,0.0,26.0,0,2,0,1
2025,4,2025_04_IND_LA,IND,LA,A,2025-09-28,16:05,20.0,27.0,1,3,1,0
2025,4,2025_04_IND_LA,LA,IND,H,2025-09-28,16:05,27.0,20.0,3,1,0,1
2025,4,2025_04_JAX_SF,JAX,SF,A,2025-09-28,16:05,26.0,21.0,1,2,1,0
2025,4,2025_04_JAX_SF,SF,JAX,H,2025-09-28,16:05,21.0,26.0,2,1,0,1
2025,4,2025_04_LAC_NYG,LAC,NYG,A,2025-09-28,13:00,18.0,21.0,1,1,1,1
2025,4,2025_04_LAC_NYG,NYG,LAC,H,2025-09-28,13:00,21.0,18.0,1,1,1,1
2025,4,2025_04_NYJ_MIA,MIA,NYJ,H,2025-09-29,19:15,27.0,21.0,2,1,1,1
2025,4,2025_04_NYJ_MIA,NYJ,MIA,A,2025-09-29,19:15,21.0,27.0,1,2,1,1
2025,4,2025_04_MIN_PIT,MIN,PIT,A,2025-09-28,09:30,21.0,24.0,2,1,0,2
2025,4,2025_04_MIN_PIT,PIT,MIN,H,2025-09-28,09:30,24.0,21.0,1,2,2,0
2025,4,2025_04_PHI_TB,PHI,TB,A,2025-09-28,13:00,31.0,25.0,2,2,1,0
2025,4,2025_04_PHI_TB,TB,PHI,H,2025-09-28,13:00,25.0,31.0,2,2,0,1
2025,5,2025_05_TEN_ARI,ARI,TEN,H,2025-10-05,16:05,21.0,22.0,0,0,3,1
2025,5,2025_05_TEN_ARI,TEN,ARI,A,2025-10-05,16:05,22.0,21.0,0,0,1,3
2025,5,2025_05_HOU_BAL,BAL,HOU,H,2025-10-05,13:00,10.0,44.0,0,4,1,1
2025,5,2025_05_HOU_BAL,HOU,BAL,A,2025-10-05,13:00,44.0,10.0,4,0,1,1
2025,5,2025_05_NE_BUF,BUF,NE,H,2025-10-05,20:20,20.0,23.0,2,0,0,2
2025,5,2025_05_NE_BUF,NE,BUF,A,2025-10-05,20:20,23.0,20.0,0,2,2,0
2025,5,2025_05_MIA_CAR,CAR,MIA,H,2025-10-05,13:00,27.0,24.0,2,3,1,0
2025,5,2025_05_MIA_CAR,MIA,CAR,A,2025-10-05,13:00,24.0,27.0,3,2,0,1
2025,5,2025_05_DET_CIN,CIN,DET,H,2025-10-05,16:25,24.0,37.0,3,4,0,1
2025,5,2025_05_DET_CIN,DET,CIN,A,2025-10-05,16:25,37.0,24.0,4,3,1,0
2025,5,2025_05_MIN_CLE,CLE,MIN,H,2025-10-05,09:30,17.0,21.0,2,2,0,1
2025,5,2025_05_MIN_CLE,MIN,CLE,A,2025-10-05,09:30,21.0,17.0,2,2,1,0
2025,5,2025_05_DAL_NYJ,DAL,NYJ,A,2025-10-05,13:00,37.0,22.0,4,2,1,0
2025,5,2025_05_DAL_NYJ,NYJ,DAL,H,2025-10-05,13:00,22.0,37.0,2,4,0,1
2025,5,2025_05_DEN_PHI,DEN,PHI,A,2025-10-05,13:00,21.0,17.0,1,2,1,0
2025,5,2025_05_DEN_PHI,PHI,DEN,H,2025-10-05,13:00,17.0,21.0,2,1,0,1
2025,5,2025_05_LV_IND,IND,LV,H,2025-10-05,13:00,40.0,6.0,2,0,4,0
2025,5,2025_05_LV_IND,LV,IND,A,2025-10-05,13:00,6.0,40.0,0,2,0,4
2025,5,2025_05_KC_JAX,JAX,KC,H,2025-10-06,20:15,31.0,28.0,1,1,2,3
2025,5,2025_05_KC_JAX,KC,JAX,A,2025-10-06,20:15,28.0,31.0,1,1,3,2
2025,5,2025_05_SF_LA,LA,SF,H,2025-10-02,20:15,23.0,26.0,3,2,0,0
2025,5,2025_05_SF_LA,SF,LA,A,2025-10-02,20:15,26.0,23.0,2,3,0,0
2025,5,2025_05_WAS_LAC,LAC,WAS,H,2025-10-05,16:25,10.0,27.0,1,1,0,2
2025,5,2025_05_WAS_LAC,WAS,LAC,A,2025-10-05,16:25,27.0,10.0,1,1,2,0
2025,5,2025_05_NYG_NO,NO,NYG,H,2025-10-05,13:00,26.0,14.0,1,2,0,0
2025,5,2025_05_NYG_NO,NYG,NO,A,2025-10-05,13:00,14.0,26.0,2,1,0,0
2025,5,2025_05_TB_SEA,SEA,TB,H,2025-10-05,16:05,35.0,38.0,4,2,1,2
2025,5,2025_05_TB_SEA,TB,SEA,A,2025-10-05,16:05,38.0,35.0,2,4,2,1
2025,6,2025_06_ARI_IND,ARI,IND,A,2025-10-12,13:00,27.0,31.0,2,2,1,2
2025,6,2025_06_ARI_IND,IND,ARI,H,2025-10-12,13:00,31.0,27.0,2,2,2,1
2025,6,2025_06_BUF_ATL,ATL,BUF,H,2025-10-13,19:15,24.0,14.0,1,2,2,0
2025,6,2025_06_BUF_ATL,BUF,ATL,A,2025-10-13,19:15,14.0,24.0,2,1,0,2
2025,6,2025_06_LA_BAL,BAL,LA,H,2025-10-12,13:00,3.0,17.0,0,1,0,1
2025,6,2025_06_LA_BAL,LA,BAL,A,2025-10-12,13:00,17.0,3.0,1,0,1,0
2025,6,2025_06_DAL_CAR,CAR,DAL,H,2025-10-12,13:00,30.0,27.0,3,3,0,0
2025,6,2025_06_DAL_CAR,DAL,CAR,A,2025-10-12,13:00,27.0,30.0,3,3,0,0
2025,6,2025_06_CHI_WAS,CHI,WAS,A,2025-10-13,20:15,25.0,24.0,1,3,1,0
2025,6,2025_06_CHI_WAS,WAS,CHI,H,2025-10-13,20:15,24.0,25.0,3,1,0,1
2025,6,2025_06_CIN_GB,CIN,GB,A,2025-10-12,16:25,18.0,27.0,2,1,0,2
2025,6,2025_06_CIN_GB,GB,CIN,H,2025-10-12,16:25,27.0,18.0,1,2,2,0
2025,6,2025_06_CLE_PIT,CLE,PIT,A,2025-10-12,13:00,9.0,23.0,0,2,0,0
2025,6,2025_06_CLE_PIT,PIT,CLE,H,2025-10-12,13:00,23.0,9.0,2,0,0,0
2025,6,2025_06_DEN_NYJ,DEN,NYJ,A,2025-10-12,09:30,13.0,11.0,1,0,0,0
2025,6,2025_06_DEN_NYJ,NYJ,DEN,H,2025-10-12,09:30,11.0,13.0,0,1,0,0
2025,6,2025_06_DET_KC,DET,KC,A,2025-10-12,20:20,17.0,30.0,2,3,0,1
2025,6,2025_06_DET_KC,KC,DET,H,2025-10-12,20:20,30.0,17.0,3,2,1,0
2025,6,2025_06_SEA_JAX,JAX,SEA,H,2025-10-12,13:00,12.0,20.0,2,2,0,0
2025,6,2025_06_SEA_JAX,SEA,JAX,A,2025-10-12,13:00,20.0,12.0,2,2,0,0
2025,6,2025_06_LAC_MIA,LAC,MIA,A,2025-10-12,13:00,29.0,27.0,2,1,0,2
2025,6,2025_06_LAC_MIA,MIA,LAC,H,2025-10-12,13:00,27.0,29.0,1,2,2,0
2025,6,2025_06_TEN_LV,LV,TEN,H,2025-10-12,16:05,20.0,10.0,1,1,1,0
2025,6,2025_06_TEN_LV,TEN,LV,A,2025-10-12,16:05,10.0,20.0,1,1,0,1
2025,6,2025_06_NE_NO,NE,NO,A,2025-10-12,13:00,25.0,19.0,3,0,0,1
2025,6,2025_06_NE_NO,NO,NE,H,2025-10-12,13:00,19.0,25.0,0,3,1,0
2025,6,2025_06_PHI_NYG,NYG,PHI,H,2025-10-09,20:15,34.0,17.0,1,1,4,1
2025,6,2025_06_PHI_NYG,PHI,NYG,A,2025-10-09,20:15,17.0,34.0,1,1,1,4
2025,6,2025_06_SF_TB,SF,TB,A,2025-10-12,16:25,19.0,30.0,0,2,1,2
2025,6,2025_06_SF_TB,TB,SF,H,2025-10-12,16:25,30.0,19.0,2,0,2,1
2025,7,2025_07_GB_ARI,ARI,GB,H,2025-10-19,16:25,23.0,27.0,2,1,0,2
2025,7,2025_07_GB_ARI,GB,ARI,A,2025-10-19,16:25,27.0,23.0,1,2,2,0
2025,7,2025_07_ATL_SF,ATL,SF,A,2025-10-19,20:20,10.0,20.0,1,0,0,2
2025,7,2025_07_ATL_SF,SF,ATL,H,2025-10-19,20:20,20.0,10.0,0,1,2,0
2025,7,2025_07_CAR_NYJ,CAR,NYJ,A,2025-10-19,13:00,13.0,6.0,1,0,0,0
2025,7,2025_07_CAR_NYJ,NYJ,CAR,H,2025-10-19,13:00,6.0,13.0,0,1,0,0
2025,7,2025_07_NO_CHI,CHI,NO,H,2025-10-19,13:00,26.0,14.0,0,2,2,0
2025,7,2025_07_NO_CHI,NO,CHI,A,2025-10-19,13:00,14.0,26.0,2,0,0,2
2025,7,2025_07_PIT_CIN,CIN,PIT,H,2025-10-16,20:15,33.0,31.0,3,4,0,0
2025,7,2025_07_PIT_CIN,PIT,CIN,A,2025-10-16,20:15,31.0,33.0,4,3,0,0
2025,7,2025_07_MIA_CLE,CLE,MIA,H,2025-10-19,13:00,31.0,6.0,0,0,3,0
2025,7,2025_07_MIA_CLE,MIA,CLE,A,2025-10-19,13:00,6.0,31.0,0,0,0,3
2025,7,2025_07_WAS_DAL,DAL,WAS,H,2025-10-19,16:25,44.0,22.0,3,1,1,2
2025,7,2025_07_WAS_DAL,WAS,DAL,A,2025-10-19,16:25,22.0,44.0,1,3,2,1
2025,7,2025_07_NYG_DEN,DEN,NYG,H,2025-10-19,16:05,33.0,32.0,2,3,2,2
2025,7,2025_07_NYG_DEN,NYG,DEN,A,2025-10-19,16:05,32.0,33.0,3,2,2,2
2025,7,2025_07_TB_DET,DET,TB,H,2025-10-20,19:00,24.0,9.0,1,1,2,0
2025,7,2025_07_TB_DET,TB,DET,A,2025-10-20,19:00,9.0,24.0,1,1,0,2
2025,7,2025_07_HOU_SEA,HOU,SEA,A,2025-10-20,22:00,19.0,27.0,1,1,0,2
2025,7,2025_07_HOU_SEA,SEA,HOU,H,2025-10-20,22:00,27.0,19.0,1,1,2,0
2025,7,2025_07_IND_LAC,IND,LAC,A,2025-10-19,16:05,38.0,24.0,2,3,3,0
2025,7,2025_07_IND_LAC,LAC,IND,H,2025-10-19,16:05,24.0,38.0,3,2,0,3
2025,7,2025_07_LA_JAX,JAX,LA,H,2025-10-19,09:30,7.0,35.0,1,5,0,0
2025,7,2025_07_LA_JAX,LA,JAX,A,2025-10-19,09:30,35.0,7.0,5,1,0,0
2025,7,2025_07_LV_KC,KC,LV,H,2025-10-19,13:00,31.0,0.0,3,0,1,0
2025,7,2025_07_LV_KC,LV,KC,A,2025-10-19,13:00,0.0,31.0,0,3,0,1
2025,7,2025_07_PHI_MIN,MIN,PHI,H,2025-10-19,13:00,22.0,28.0,0,3,1,0
2025,7,2025_07_PHI_MIN,PHI,MIN,A,2025-10-19,13:00,28.0,22.0,3,0,0,1
2025,7,2025_07_NE_TEN,NE,TEN,A,2025-10-19,13:00,31.0,13.0,2,1,1,0
2025,7,2025_07_NE_TEN,TEN,NE,H,2025-10-19,13:00,13.0,31.0,1,2,0,1
2025,8,2025_08_MIA_ATL,ATL,MIA,H,2025-10-26,13:00,10.0,34.0,0,4,1,0
2025,8,2025_08_MIA_ATL,MIA,ATL,A,2025-10-26,13:00,34.0,10.0,4,0,0,1
2025,8,2025_08_CHI_BAL,BAL,CHI,H,2025-10-26,13:00,30.0,16.0,1,0,2,1
2025,8,2025_08_CHI_BAL,CHI,BAL,A,2025-10-26,13:00,16.0,30.0,0,1,1,2
2025,8,2025_08_BUF_CAR,BUF,CAR,A,2025-10-26,13:00,40.0,9.0,1,0,4,1
2025,8,2025_08_BUF_CAR,CAR,BUF,H,2025-10-26,13:00,9.0,40.0,0,1,1,4
2025,8,2025_08_NYJ_CIN,CIN,NYJ,H,2025-10-26,13:00,38.0,39.0,2,2,3,2
2025,8,2025_08_NYJ_CIN,NYJ,CIN,A,2025-10-26,13:00,39.0,38.0,2,2,2,3
2025,8,2025_08_CLE_NE,CLE,NE,A,2025-10-26,13:00,13.0,32.0,2,3,0,0
2025,8,2025_08_CLE_NE,NE,CLE,H,2025-10-26,13:00,32.0,13.0,3,2,0,0
2025,8,2025_08_DAL_DEN,DAL,DEN,A,2025-10-26,16:25,24.0,44.0,1,4,2,2
2025,8,2025_08_DAL_DEN,DEN,DAL,H,2025-10-26,16:25,44.0,24.0,4,1,2,2
2025,8,2025_08_GB_PIT,GB,PIT,A,2025-10-26,20:20,35.0,25.0,3,2,1,0
2025,8,2025_08_GB_PIT,PIT,GB,H,2025-10-26,20:20,25.0,35.0,2,3,0,1
2025,8,2025_08_SF_HOU,HOU,SF,H,2025-10-26,13:00,26.0,15.0,2,2,0,0
2025,8,2025_08_SF_HOU,SF,HOU,A,2025-10-26,13:00,15.0,26.0,2,2,0,0
2025,8,2025_08_TEN_IND,IND,TEN,H,2025-10-26,16:25,38.0,14.0,3,1,2,1
2025,8,2025_08_TEN_IND,TEN,IND,A,2025-10-26,16:25,14.0,38.0,1,3,1,2
2025,8,2025_08_WAS_KC,KC,WAS,H,2025-10-27,20:15,28.0,7.0,3,1,1,0
2025,8,2025_08_WAS_KC,WAS,KC,A,2025-10-27,20:15,7.0,28.0,1,3,0,1
2025,8,2025_08_MIN_LAC,LAC,MIN,H,2025-10-23,20:15,37.0,10.0,3,1,1,0
2025,8,2025_08_MIN_LAC,MIN,LAC,A,2025-10-23,20:15,10.0,37.0,1,3,0,1
2025,8,2025_08_TB_NO,NO,TB,H,2025-10-26,16:05,3.0,23.0,0,0,0,1
2025,8,2025_08_TB_NO,TB,NO,A,2025-10-26,16:05,23.0,3.0,0,0,1,0
2025,8,2025_08_NYG_PHI,NYG,PHI,A,2025-10-26,13:00,20.0,38.0,1,4,1,1
2025,8,2025_08_NYG_PHI,PHI,NYG,H,2025-10-26,13:00,38.0,20.0,4,1,1,1
2025,9,2025_09_ARI_DAL,ARI,DAL,A,2025-11-03,20:15,27.0,17.0,2,1,1,0
2025,9,2025_09_ARI_DAL,DAL,ARI,H,2025-11-03,20:15,17.0,27.0,1,2,0,1
2025,9,2025_09_ATL_NE,ATL,NE,A,2025-11-02,13:00,23.0,24.0,3,2,0,1
2025,9,2025_09_ATL_NE,NE,ATL,H,2025-11-02,13:00,24.0,23.0,2,3,1,0
2025,9,2025_09_BAL_MIA,BAL,MIA,A,2025-10-30,20:15,28.0,6.0,4,0,0,0
2025,9,2025_09_BAL_MIA,MIA,BAL,H,2025-10-30,20:15,6.0,28.0,0,4,0,0
2025,9,2025_09_KC_BUF,BUF,KC,H,2025-11-02,16:25,28.0,21.0,1,0,3,2
2025,9,2025_09_KC_BUF,KC,BUF,A,2025-11-02,16:25,21.0,28.0,0,1,2,3
2025,9,2025_09_CAR_GB,CAR,GB,A,2025-11-02,13:00,16.0,13.0,0,0,2,1
2025,9,2025_09_CAR_GB,GB,CAR,H,2025-11-02,13:00,13.0,16.0,0,0,1,2
2025,9,2025_09_CHI_CIN,CHI,CIN,A,2025-11-02,13:00,47.0,42.0,4,4,2,0
2025,9,2025_09_CHI_CIN,CIN,CHI,H,2025-11-02,13:00,42.0,47.0,4,4,0,2
2025,9,2025_09_DEN_HOU,DEN,HOU,A,2025-11-02,13:00,18.0,15.0,2,0,0,0
2025,9,2025_09_DEN_HOU,HOU,DEN,H,2025-11-02,13:00,15.0,18.0,0,2,0,0
2025,9,2025_09_MIN_DET,DET,MIN,H,2025-11-02,13:00,24.0,27.0,2,2,1,1
2025,9,2025_09_MIN_DET,MIN,DET,A,2025-11-02,13:00,27.0,24.0,2,2,1,1
2025,9,2025_09_IND_PIT,IND,PIT,A,2025-11-02,13:00,20.0,27.0,1,1,1,2
2025,9,2025_09_IND_PIT,PIT,IND,H,2025-11-02,13:00,27.0,20.0,1,1,2,1
2025,9,2025_09_JAX_LV,JAX,LV,A,2025-11-02,16:05,30.0,29.0,0,4,3,0
2025,9,2025_09_JAX_LV,LV,JAX,H,2025-11-02,16:05,29.0,30.0,4,0,0,3
2025,9,2025_09_NO_LA,LA,NO,H,2025-11-02,16:05,34.0,10.0,4,1,1,0
2025,9,2025_09_NO_LA,NO,LA,A,2025-11-02,16:05,10.0,34.0,1,4,0,1
2025,9,2025_09_LAC_TEN,LAC,TEN,A,2025-11-02,13:00,27.0,20.0,2,0,1,0
2025,9,2025_09_LAC_TEN,TEN,LAC,H,2025-11-02,13:00,20.0,27.0,0,2,0,1
2025,9,2025_09_SF_NYG,NYG,SF,H,2025-11-02,13:00,24.0,34.0,2,2,1,2
2025,9,2025_09_SF_NYG,SF,NYG,A,2025-11-02,13:00,34.0,24.0,2,2,2,1
2025,9,2025_09_SEA_WAS,SEA,WAS,A,2025-11-02,20:20,38.0,14.0,4,0,1,2
2025,9,2025_09_SEA_WAS,WAS,SEA,H,2025-11-02,20:20,14.0,38.0,0,4,2,1
2025,10,2025_10_ARI_SEA,ARI,SEA,A,2025-11-09,16:05,22.0,44.0,2,1,1,2
2025,10,2025_10_ARI_SEA,SEA,ARI,H,2025-11-09,16:05,44.0,22.0,1,2,2,1
2025,10,2025_10_ATL_IND,ATL,IND,A,2025-11-09,09:30,25.0,31.0,1,1,2,3
2025,10,2025_10_ATL_IND,IND,ATL,H,2025-11-09,09:30,31.0,25.0,1,1,3,2
2025,10,2025_10_BAL_MIN,BAL,MIN,A,2025-11-09,13:00,27.0,19.0,1,1,1,1
2025,10,2025_10_BAL_MIN,MIN,BAL,H,2025-11-09,13:00,19.0,27.0,1,1,1,1
2025,10,2025_10_BUF_MIA,BUF,MIA,A,2025-11-09,13:00,13.0,30.0,2,2,0,2
2025,10,2025_10_BUF_MIA,MIA,BUF,H,2025-11-09,13:00,30.0,13.0,2,2,2,0
2025,10,2025_10_NO_CAR,CAR,NO,H,2025-11-09,13:00,7.0,17.0,0,2,1,0
2025,10,2025_10_NO_CAR,NO,CAR,A,2025-11-09,13:00,17.0,7.0,2,0,0,1
2025,10,2025_10_NYG_CHI,CHI,NYG,H,2025-11-09,13:00,24.0,20.0,1,0,2,2
2025,10,2025_10_NYG_CHI,NYG,CHI,A,2025-11-09,13:00,20.0,24.0,0,1,2,2
2025,10,2025_10_CLE_NYJ,CLE,NYJ,A,2025-11-09,13:00,20.0,27.0,2,1,0,0
2025,10,2025_10_CLE_NYJ,NYJ,CLE,H,2025-11-09,13:00,27.0,20.0,1,2,0,0
2025,10,2025_10_LV_DEN,DEN,LV,H,2025-11-06,20:15,10.0,7.0,1,0,0,1
2025,10,2025_10_LV_DEN,LV,DEN,A,2025-11-06,20:15,7.0,10.0,0,1,1,0
2025,10,2025_10_DET_WAS,DET,WAS,A,2025-11-09,16:25,44.0,22.0,3,2,2,1
2025,10,2025_10_DET_WAS,WAS,DET,H,2025-11-09,16:25,22.0,44.0,2,3,1,2
2025,10,2025_10_PHI_GB,GB,PHI,H,2025-11-10,20:15,7.0,10.0,0,1,1,0
2025,10,2025_10_PHI_GB,PHI,GB,A,2025-11-10,20:15,10.0,7.0,1,0,0,1
2025,10,2025_10_JAX_HOU,HOU,JAX,H,2025-11-09,13:00,36.0,29.0,2,1,2,1
2025,10,2025_10_JAX_HOU,JAX,HOU,A,2025-11-09,13:00,29.0,36.0,1,2,1,2
2025,10,2025_10_LA_SF,LA,SF,A,2025-11-09,16:25,42.0,26.0,4,3,2,1
2025,10,2025_10_LA_SF,SF,LA,H,2025-11-09,16:25,26.0,42.0,3,4,1,2
2025,10,2025_10_PIT_LAC,LAC,PIT,H,2025-11-09,20:20,25.0,10.0,1,1,1,0
2025,10,2025_10_PIT_LAC,PIT,LAC,A,2025-11-09,20:20,10.0,25.0,1,1,0,1
2025,10,2025_10_NE_TB,NE,TB,A,2025-11-09,13:00,28.0,23.0,2,3,2,0
2025,10,2025_10_NE_TB,TB,NE,H,2025-11-09,13:00,23.0,28.0,3,2,0,2
2025,11,2025_11_SF_ARI,ARI,SF,H,2025-11-16,16:05,22.0,41.0,2,3,1,2
2025,11,2025_11_SF_ARI,SF,ARI,A,2025-11-16,16:05,41.0,22.0,3,2,2,1
2025,11,2025_11_CAR_ATL,ATL,CAR,H,2025-11-16,13:00,27.0,30.0,0,3,3,0
2025,11,2025_11_CAR_ATL,CAR,ATL,A,2025-11-16,13:00,30.0,27.0,3,0,0,3
2025,11,2025_11_BAL_CLE,BAL,CLE,A,2025-11-16,16:25,23.0,16.0,0,0,2,0
2025,11,2025_11_BAL_CLE,CLE,BAL,H,2025-11-16,16:25,16.0,23.0,0,0,0,2
2025,11,2025_11_TB_BUF,BUF,TB,H,2025-11-16,13:00,44.0,32.0,3,1,3,3
2025,11,2025_11_TB_BUF,TB,BUF,A,2025-11-16,13:00,32.0,44.0,1,3,3,3
2025,11,2025_11_CHI_MIN,CHI,MIN,A,2025-11-16,13:00,19.0,17.0,0,1,1,1
2025,11,2025_11_CHI_MIN,MIN,CHI,H,2025-11-16,13:00,17.0,19.0,1,0,1,1
2025,11,2025_11_CIN_PIT,CIN,PIT,A,2025-11-16,13:00,12.0,34.0,1,2,0,0
2025,11,2025_11_CIN_PIT,PIT,CIN,H,2025-11-16,13:00,34.0,12.0,2,1,0,0
2025,11,2025_11_DAL_LV,DAL,LV,A,2025-11-17,20:15,33.0,16.0,4,1,0,0
2025,11,2025_11_DAL_LV,LV,DAL,H,2025-11-17,20:15,16.0,33.0,1,4,0,0
2025,11,2025_11_KC_DEN,DEN,KC,H,2025-11-16,16:25,22.0,19.0,0,1,1,1
2025,11,2025_11_KC_DEN,KC,DEN,A,2025-11-16,16:25,19.0,22.0,1,0,1,1
2025,11,2025_11_DET_PHI,DET,PHI,A,2025-11-16,20:20,9.0,16.0,1,0,0,1
2025,11,2025_11_DET_PHI,PHI,DET,H,2025-11-16,20:20,16.0,9.0,0,1,1,0
2025,11,2025_11_GB_NYG,GB,NYG,A,2025-11-16,13:00,27.0,20.0,3,0,1,3
2025,11,2025_11_GB_NYG,NYG,GB,H,2025-11-16,13:00,20.0,27.0,0,3,3,1
2025,11,2025_11_HOU_TEN,HOU,TEN,A,2025-11-16,13:00,16.0,13.0,1,1,0,0
2025,11,2025_11_HOU_TEN,TEN,HOU,H,2025-11-16,13:00,13.0,16.0,1,1,0,0
2025,11,2025_11_LAC_JAX,JAX,LAC,H,2025-11-16,13:00,35.0,6.0,1,0,4,0
2025,11,2025_11_LAC_JAX,LAC,JAX,A,2025-11-16,13:00,6.0,35.0,0,1,0,4
2025,11,2025_11_SEA_LA,LA,SEA,H,2025-11-16,16:05,21.0,19.0,2,0,1,1
2025,11,2025_11_SEA_LA,SEA,LA,A,2025-11-16,16:05,19.0,21.0,0,2,1,1
2025,11,2025_11_WAS_MIA,MIA,WAS,H,2025-11-16,09:30,16.0,13.0,0,1,1,0
2025,11,2025_11_WAS_MIA,WAS,MIA,A,2025-11-16,09:30,13.0,16.0,1,0,0,1
2025,11,2025_11_NYJ_NE,NE,NYJ,H,2025-11-13,20:15,27.0,14.0,1,1,2,1
2025,11,2025_11_NYJ_NE,NYJ,NE,A,2025-11-13,20:15,14.0,27.0,1,1,1,2
2025,12,2025_12_JAX_ARI,ARI,JAX,H,2025-11-23,16:05,24.0,27.0,1,3,1,0
2025,12,2025_12_JAX_ARI,JAX,ARI,A,2025-11-23,16:05,27.0,24.0,3,1,0,1
2025,12,2025_12_ATL_NO,ATL,NO,A,2025-11-23,16:25,24.0,10.0,2,0,0,0
2025,12,2025_12_ATL_NO,NO,ATL,H,2025-11-23,16:25,10.0,24.0,0,2,0,0
2025,12,2025_12_NYJ_BAL,BAL,NYJ,H,2025-11-23,13:00,23.0,10.0,0,1,2,0
2025,12,2025_12_NYJ_BAL,NYJ,BAL,A,2025-11-23,13:00,10.0,23.0,1,0,0,2
2025,12,2025_12_BUF_HOU,BUF,HOU,A,2025-11-20,20:15,19.0,23.0,0,2,1,0
2025,12,2025_12_BUF_HOU,HOU,BUF,H,2025-11-20,20:15,23.0,19.0,2,0,0,1
2025,12,2025_12_CAR_SF,CAR,SF,A,2025-11-24,20:15,9.0,20.0,1,1,0,1
2025,12,2025_12_CAR_SF,SF,CAR,H,2025-11-24,20:15,20.0,9.0,1,1,1,0
2025,12,2025_12_PIT_CHI,CHI,PIT,H,2025-11-23,13:00,31.0,28.0,3,1,1,2
2025,12,2025_12_PIT_CHI,PIT,CHI,A,2025-11-23,13:00,28.0,31.0,1,3,2,1
2025,12,2025_12_NE_CIN,CIN,NE,H,2025-11-23,13:00,20.0,26.0,1,1,0,0
2025,12,2025_12_NE_CIN,NE,CIN,A,2025-11-23,13:00,26.0,20.0,1,1,0,0
2025,12,2025_12_CLE_LV,CLE,LV,A,2025-11-23,16:05,24.0,10.0,1,1,2,0
2025,12,2025_12_CLE_LV,LV,CLE,H,2025-11-23,16:05,10.0,24.0,1,1,0,2
2025,12,2025_12_PHI_DAL,DAL,PHI,H,2025-11-23,16:25,24.0,21.0,2,1,1,2
2025,12,2025_12_PHI_DAL,PHI,DAL,A,2025-11-23,16:25,21.0,24.0,1,2,2,1
2025,12,2025_12_NYG_DET,DET,NYG,H,2025-11-23,13:00,34.0,27.0,2,3,2,0
2025,12,2025_12_NYG_DET,NYG,DET,A,2025-11-23,13:00,27.0,34.0,3,2,0,2
2025,12,2025_12_MIN_GB,GB,MIN,H,2025-11-23,13:00,23.0,6.0,0,0,2,0
2025,12,2025_12_MIN_GB,MIN,GB,A,2025-11-23,13:00,6.0,23.0,0,0,0,2
2025,12,2025_12_IND_KC,IND,KC,A,2025-11-23,13:00,20.0,23.0,2,0,0,1
2025,12,2025_12_IND_KC,KC,IND,H,2025-11-23,13:00,23.0,20.0,0,2,1,0
2025,12,2025_12_TB_LA,LA,TB,H,2025-11-23,20:20,34.0,7.0,3,1,0,0
2025,12,2025_12_TB_LA,TB,LA,A,2025-11-23,20:20,7.0,34.0,1,3,0,0
2025,12,2025_12_SEA_TEN,SEA,TEN,A,2025-11-23,13:00,30.0,24.0,2,1,1,1
2025,12,2025_12_SEA_TEN,TEN,SEA,H,2025-11-23,13:00,24.0,30.0,1,2,1,1
2025,13,2025_13_ARI_TB,ARI,TB,A,2025-11-30,13:00,17.0,20.0,2,1,0,1
2025,13,2025_13_ARI_TB,TB,ARI,H,2025-11-30,13:00,20.0,17.0,1,2,1,0
2025,13,2025_13_ATL_NYJ,ATL,NYJ,A,2025-11-30,13:00,24.0,27.0,1,1,2,2
2025,13,2025_13_ATL_NYJ,NYJ,ATL,H,2025-11-30,13:00,27.0,24.0,1,1,2,2
2025,13,2025_13_CIN_BAL,BAL,CIN,H,2025-11-27,20:20,14.0,32.0,0,2,2,0
2025,13,2025_13_CIN_BAL,CIN,BAL,A,2025-11-27,20:20,32.0,14.0,2,0,0,2
2025,13,2025_13_BUF_PIT,BUF,PIT,A,2025-11-30,16:25,26.0,7.0,1,0,1,1
2025,13,2025_13_BUF_PIT,PIT,BUF,H,2025-11-30,16:25,7.0,26.0,0,1,1,1
2025,13,2025_13_LA_CAR,CAR,LA,H,2025-11-30,13:00,31.0,28.0,3,2,0,2
2025,13,2025_13_LA_CAR,LA,CAR,A,2025-11-30,13:00,28.0,31.0,2,3,2,0
2025,13,2025_13_CHI_PHI,CHI,PHI,A,2025-11-28,15:00,24.0,15.0,1,2,2,0
2025,13,2025_13_CHI_PHI,PHI,CHI,H,2025-11-28,15:00,15.0,24.0,2,1,0,2
2025,13,2025_13_SF_CLE,CLE,SF,H,2025-11-30,13:00,8.0,26.0,1,1,0,2
2025,13,2025_13_SF_CLE,SF,CLE,A,2025-11-30,13:00,26.0,8.0,1,1,2,0
2025,13,2025_13_KC_DAL,DAL,KC,H,2025-11-27,16:30,31.0,28.0,2,4,1,0
2025,13,2025_13_KC_DAL,KC,DAL,A,2025-11-27,16:30,28.0,31.0,4,2,0,1
2025,13,2025_13_DEN_WAS,DEN,WAS,A,2025-11-30,20:20,27.0,26.0,1,2,2,1
2025,13,2025_13_DEN_WAS,WAS,DEN,H,2025-11-30,20:20,26.0,27.0,2,1,1,2
2025,13,2025_13_GB_DET,DET,GB,H,2025-11-27,13:00,24.0,31.0,2,4,1,0
2025,13,2025_13_GB_DET,GB,DET,A,2025-11-27,13:00,31.0,24.0,4,2,0,1
2025,13,2025_13_HOU_IND,HOU,IND,A,2025-11-30,13:00,20.0,16.0,0,2,2,0
2025,13,2025_13_HOU_IND,IND,HOU,H,2025-11-30,13:00,16.0,20.0,2,0,0,2
2025,13,2025_13_JAX_TEN,JAX,TEN,A,2025-11-30,13:00,25.0,3.0,2,0,1,0
2025,13,2025_13_JAX_TEN,TEN,JAX,H,2025-11-30,13:00,3.0,25.0,0,2,0,1
2025,13,2025_13_LV_LAC,LAC,LV,H,2025-11-30,16:25,31.0,14.0,2,2,2,0
2025,13,2025_13_LV_LAC,LV,LAC,A,2025-11-30,16:25,14.0,31.0,2,2,0,2
2025,13,2025_13_NO_MIA,MIA,NO,H,2025-11-30,13:00,21.0,17.0,0,2,1,0
2025,13,2025_13_NO_MIA,NO,MIA,A,2025-11-30,13:00,17.0,21.0,2,0,0,1
2025,13,2025_13_MIN_SEA,MIN,SEA,A,2025-11-30,16:05,0.0,26.0,0,0,0,1
2025,13,2025_13_MIN_SEA,SEA,MIN,H,2025-11-30,16:05,26.0,0.0,0,0,1,0
2025,13,2025_13_NYG_NE,NE,NYG,H,2025-12-01,20:15,33.0,15.0,2,1,0,1
2025,13,2025_13_NYG_NE,NYG,NE,A,2025-12-01,20:15,15.0,33.0,1,2,1,0
2025,14,2025_14_LA_ARI,ARI,LA,H,2025-12-07,16:25,17.0,45.0,2,3,0,3
2025,14,2025_14_LA_ARI,LA,ARI,A,2025-12-07,16:25,45.0,17.0,3,2,3,0
2025,14,2025_14_SEA_ATL,ATL,SEA,H,2025-12-07,13:00,9.0,37.0,0,3,0,0
2025,14,2025_14_SEA_ATL,SEA,ATL,A,2025-12-07,13:00,37.0,9.0,3,0,0,0
2025,14,2025_14_PIT_BAL,BAL,PIT,H,2025-12-07,13:00,22.0,27.0,1,1,1,2
2025,14,2025_14_PIT_BAL,PIT,BAL,A,2025-12-07,13:00,27.0,22.0,1,1,2,1
2025,14,2025_14_CIN_BUF,BUF,CIN,H,2025-12-07,13:00,39.0,34.0,3,4,1,1
2025,14,2025_14_CIN_BUF,CIN,BUF,A,2025-12-07,13:00,34.0,39.0,4,3,1,1
2025,14,2025_14_CHI_GB,CHI,GB,A,2025-12-07,16:25,21.0,28.0,2,3,0,1
2025,14,2025_14_CHI_GB,GB,CHI,H,2025-12-07,16:25,28.0,21.0,3,2,1,0
2025,14,2025_14_TEN_CLE,CLE,TEN,H,2025-12-07,13:00,29.0,31.0,3,2,1,2
2025,14,2025_14_TEN_CLE,TEN,CLE,A,2025-12-07,13:00,31.0,29.0,2,3,2,1
2025,14,2025_14_DAL_DET,DAL,DET,A,2025-12-04,20:15,30.0,44.0,1,1,1,4
2025,14,2025_14_DAL_DET,DET,DAL,H,2025-12-04,20:15,44.0,30.0,1,1,4,1
2025,14,2025_14_DEN_LV,DEN,LV,A,2025-12-07,16:05,24.0,17.0,0,2,2,0
2025,14,2025_14_DEN_LV,LV,DEN,H,2025-12-07,16:05,17.0,24.0,2,0,0,2
2025,14,2025_14_HOU_KC,HOU,KC,A,2025-12-07,20:20,20.0,10.0,1,0,1,1
2025,14,2025_14_HOU_KC,KC,HOU,H,2025-12-07,20:20,10.0,20.0,0,1,1,1
2025,14,2025_14_IND_JAX,IND,JAX,A,2025-12-07,13:00,19.0,36.0,0,2,2,2
2025,14,2025_14_IND_JAX,JAX,IND,H,2025-12-07,13:00,36.0,19.0,2,0,2,2
2025,14,2025_14_PHI_LAC,LAC,PHI,H,2025-12-08,20:15,22.0,19.0,1,0,0,1
2025,14,2025_14_PHI_LAC,PHI,LAC,A,2025-12-08,20:15,19.0,22.0,0,1,1,0
2025,14,2025_14_MIA_NYJ,MIA,NYJ,A,2025-12-07,13:00,34.0,10.0,1,0,3,0
2025,14,2025_14_MIA_NYJ,NYJ,MIA,H,2025-12-07,13:00,10.0,34.0,0,1,0,3
2025,14,2025_14_WAS_MIN,MIN,WAS,H,2025-12-07,13:00,31.0,0.0,3,0,1,0
2025,14,2025_14_WAS_MIN,WAS,MIN,A,2025-12-07,13:00,0.0,31.0,0,3,0,1
2025,14,2025_14_NO_TB,NO,TB,A,2025-12-07,13:00,24.0,20.0,0,1,3,1
2025,14,2025_14_NO_TB,TB,NO,H,2025-12-07,13:00,20.0,24.0,1,0,1,3
2025,15,2025_15_ARI_HOU,ARI,HOU,A,2025-12-14,13:00,20.0,40.0,3,3,0,0
2025,15,2025_15_ARI_HOU,HOU,ARI,H,2025-12-14,13:00,40.0,20.0,3,3,0,0
2025,15,2025_15_ATL_TB,ATL,TB,A,2025-12-11,20:15,29.0,28.0,3,2,1,1
2025,15,2025_15_ATL_TB,TB,ATL,H,2025-12-11,20:15,28.0,29.0,2,3,1,1
2025,15,2025_15_BAL_CIN,BAL,CIN,A,2025-12-14,13:00,24.0,0.0,2,0,0,0
2025,15,2025_15_BAL_CIN,CIN,BAL,H,2025-12-14,13:00,0.0,24.0,0,2,0,0
2025,15,2025_15_BUF_NE,BUF,NE,A,2025-12-14,13:00,35.0,31.0,3,0,2,4
2025,15,2025_15_BUF_NE,NE,BUF,H,2025-12-14,13:00,31.0,35.0,0,3,4,2
2025,15,2025_15_CAR_NO,CAR,NO,A,2025-12-14,16:25,17.0,20.0,1,1,1,1
2025,15,2025_15_CAR_NO,NO,CAR,H,2025-12-14,16:25,20.0,17.0,1,1,1,1
2025,15,2025_15_CLE_CHI,CHI,CLE,H,2025-12-14,13:00,31.0,3.0,2,0,2,0
2025,15,2025_15_CLE_CHI,CLE,CHI,A,2025-12-14,13:00,3.0,31.0,0,2,0,2
2025,15,2025_15_MIN_DAL,DAL,MIN,H,2025-12-14,20:20,26.0,34.0,0,2,2,2
2025,15,2025_15_MIN_DAL,MIN,DAL,A,2025-12-14,20:20,34.0,26.0,2,0,2,2
2025,15,2025_15_GB_DEN,DEN,GB,H,2025-12-14,16:25,34.0,26.0,4,1,1,1
2025,15,2025_15_GB_DEN,GB,DEN,A,2025-12-14,16:25,26.0,34.0,1,4,1,1
2025,15,2025_15_DET_LA,DET,LA,A,2025-12-14,16:25,34.0,41.0,3,2,1,3
2025,15,2025_15_DET_LA,LA,DET,H,2025-12-14,16:25,41.0,34.0,2,3,3,1
2025,15,2025_15_IND_SEA,IND,SEA,A,2025-12-14,16:25,16.0,18.0,1,0,0,0
2025,15,2025_15_IND_SEA,SEA,IND,H,2025-12-14,16:25,18.0,16.0,0,1,0,0
2025,15,2025_15_NYJ_JAX,JAX,NYJ,H,2025-12-14,13:00,48.0,20.0,5,1,1,1
2025,15,2025_15_NYJ_JAX,NYJ,JAX,A,2025-12-14,13:00,20.0,48.0,1,5,1,1
2025,15,2025_15_LAC_KC,KC,LAC,H,2025-12-14,13:00,13.0,16.0,0,1,1,0
2025,15,2025_15_LAC_KC,LAC,KC,A,2025-12-14,13:00,16.0,13.0,1,0,0,1
2025,15,2025_15_LV_PHI,LV,PHI,A,2025-12-14,13:00,0.0,31.0,0,3,0,1
2025,15,2025_15_LV_PHI,PHI,LV,H,2025-12-14,13:00,31.0,0.0,3,0,1,0
2025,15,2025_15_MIA_PIT,MIA,PIT,A,2025-12-15,20:15,15.0,28.0,2,2,0,2
2025,15,2025_15_MIA_PIT,PIT,MIA,H,2025-12-15,20:15,28.0,15.0,2,2,2,0
2025,15,2025_15_WAS_NYG,NYG,WAS,H,2025-12-14,13:00,21.0,29.0,2,1,1,1
2025,15,2025_15_WAS_NYG,WAS,NYG,A,2025-12-14,13:00,29.0,21.0,1,2,1,1
2025,15,2025_15_TEN_SF,SF,TEN,H,2025-12-14,16:25,37.0,24.0,3,2,1,1
2025,15,2025_15_TEN_SF,TEN,SF,A,2025-12-14,16:25,24.0,37.0,2,3,1,1
2025,16,2025_16_ATL_ARI,ARI,ATL,H,2025-12-21,16:05,19.0,26.0,1,2,0,1
2025,16,2025_16_ATL_ARI,ATL,ARI,A,2025-12-21,16:05,26.0,19.0,2,1,1,0
2025,16,2025_16_NE_BAL,BAL,NE,H,2025-12-21,20:20,24.0,28.0,0,2,3,1
2025,16,2025_16_NE_BAL,NE,BAL,A,2025-12-21,20:20,28.0,24.0,2,0,1,3
2025,16,2025_16_BUF_CLE,BUF,CLE,A,2025-12-21,13:00,23.0,20.0,0,1,3,1
2025,16,2025_16_BUF_CLE,CLE,BUF,H,2025-12-21,13:00,20.0,23.0,1,0,1,3
2025,16,2025_16_TB_CAR,CAR,TB,H,2025-12-21,13:00,23.0,20.0,2,1,0,1
2025,16,2025_16_TB_CAR,TB,CAR,A,2025-12-21,13:00,20.0,23.0,1,2,1,0
2025,16,2025_16_GB_CHI,CHI,GB,H,2025-12-20,20:20,22.0,16.0,2,1,0,0
2025,16,2025_16_GB_CHI,GB,CHI,A,2025-12-20,20:20,16.0,22.0,1,2,0,0
2025,16,2025_16_CIN_MIA,CIN,MIA,A,2025-12-21,13:00,45.0,21.0,4,0,2,3
2025,16,2025_16_CIN_MIA,MIA,CIN,H,2025-12-21,13:00,21.0,45.0,0,4,3,2
2025,16,2025_16_LAC_DAL,DAL,LAC,H,2025-12-21,13:00,17.0,34.0,2,2,0,2
2025,16,2025_16_LAC_DAL,LAC,DAL,A,2025-12-21,13:00,34.0,17.0,2,2,2,0
2025,16,2025_16_JAX_DEN,DEN,JAX,H,2025-12-21,16:05,20.0,34.0,1,3,1,1
2025,16,2025_16_JAX_DEN,JAX,DEN,A,2025-12-21,16:05,34.0,20.0,3,1,1,1
2025,16,2025_16_PIT_DET,DET,PIT,H,2025-12-21,16:25,24.0,29.0,3,1,0,2
2025,16,2025_16_PIT_DET,PIT,DET,A,2025-12-21,16:25,29.0,24.0,1,3,2,0
2025,16,2025_16_LV_HOU,HOU,LV,H,2025-12-21,16:25,23.0,21.0,1,2,0,1
2025,16,2025_16_LV_HOU,LV,HOU,A,2025-12-21,16:25,21.0,23.0,2,1,1,0
2025,16,2025_16_SF_IND,IND,SF,H,2025-12-22,20:15,27.0,48.0,2,5,1,0
2025,16,2025_16_SF_IND,SF,IND,A,2025-12-22,20:15,48.0,27.0,5,2,0,1
2025,16,2025_16_KC_TEN,KC,TEN,A,2025-12-21,13:00,9.0,26.0,0,2,0,1
2025,16,2025_16_KC_TEN,TEN,KC,H,2025-12-21,13:00,26.0,9.0,2,0,1,0
2025,16,2025_16_LA_SEA,LA,SEA,A,2025-12-18,20:15,37.0,38.0,3,2,1,2
2025,16,2025_16_LA_SEA,SEA,LA,H,2025-12-18,20:15,38.0,37.0,2,3,2,1
2025,16,2025_16_MIN_NYG,MIN,NYG,A,2025-12-21,13:00,16.0,13.0,0,0,1,0
2025,16,2025_16_MIN_NYG,NYG,MIN,H,2025-12-21,13:00,13.0,16.0,0,0,0,1
2025,16,2025_16_NYJ_NO,NO,NYJ,H,2025-12-21,13:00,29.0,6.0,2,0,0,0
2025,16,2025_16_NYJ_NO,NYJ,NO,A,2025-12-21,13:00,6.0,29.0,0,2,0,0
2025,16,2025_16_PHI_WAS,PHI,WAS,A,2025-12-20,17:00,29.0,18.0,2,0,2,2
2025,16,2025_16_PHI_WAS,WAS,PHI,H,2025-12-20,17:00,18.0,29.0,0,2,2,2
2025,17,2025_17_ARI_CIN,ARI,CIN,A,2025-12-28,13:00,14.0,37.0,2,2,0,3
2025,17,2025_17_ARI_CIN,CIN,ARI,H,2025-12-28,13:00,37.0,14.0,2,2,3,0
2025,17,2025_17_LA_ATL,ATL,LA,H,2025-12-29,20:15,27.0,24.0,1,2,1,0
2025,17,2025_17_LA_ATL,LA,ATL,A,2025-12-29,20:15,24.0,27.0,2,1,0,1
2025,17,2025_17_BAL_GB,BAL,GB,A,2025-12-27,20:00,41.0,24.0,1,1,4,2
2025,17,2025_17_BAL_GB,GB,BAL,H,2025-12-27,20:00,24.0,41.0,1,1,2,4
2025,17,2025_17_PHI_BUF,BUF,PHI,H,2025-12-28,16:25,12.0,13.0,0,1,2,0
2025,17,2025_17_PHI_BUF,PHI,BUF,A,2025-12-28,16:25,13.0,12.0,1,0,0,2
2025,17,2025_17_SEA_CAR,CAR,SEA,H,2025-12-28,13:00,10.0,27.0,0,1,1,2
2025,17,2025_17_SEA_CAR,SEA,CAR,A,2025-12-28,13:00,27.0,10.0,1,0,2,1
2025,17,2025_17_CHI_SF,CHI,SF,A,2025-12-28,20:20,38.0,42.0,2,3,2,3
2025,17,2025_17_CHI_SF,SF,CHI,H,2025-12-28,20:20,42.0,38.0,3,2,3,2
2025,17,2025_17_PIT_CLE,CLE,PIT,H,2025-12-28,13:00,13.0,6.0,1,0,0,0
2025,17,2025_17_PIT_CLE,PIT,CLE,A,2025-12-28,13:00,6.0,13.0,0,1,0,0
2025,17,2025_17_DAL_WAS,DAL,WAS,A,2025-12-25,13:00,30.0,23.0,2,0,1,2
2025,17,2025_17_DAL_WAS,WAS,DAL,H,2025-12-25,13:00,23.0,30.0,0,2,2,1
2025,17,2025_17_DEN_KC,DEN,KC,A,2025-12-25,20:15,20.0,13.0,1,1,1,0
2025,17,2025_17_DEN_KC,KC,DEN,H,2025-12-25,20:15,13.0,20.0,1,1,0,1
2025,17,2025_17_DET_MIN,DET,MIN,A,2025-12-25,16:30,10.0,23.0,1,0,0,2
2025,17,2025_17_DET_MIN,MIN,DET,H,2025-12-25,16:30,23.0,10.0,0,1,2,0
2025,17,2025_17_HOU_LAC,HOU,LAC,A,2025-12-27,16:30,20.0,16.0,2,1,0,1
2025,17,2025_17_HOU_LAC,LAC,HOU,H,2025-12-27,16:30,16.0,20.0,1,2,1,0
2025,17,2025_17_JAX_IND,IND,JAX,H,2025-12-28,13:00,17.0,23.0,1,0,1,2
2025,17,2025_17_JAX_IND,JAX,IND,A,2025-12-28,13:00,23.0,17.0,0,1,2,1
2025,17,2025_17_NYG_LV,LV,NYG,H,2025-12-28,16:05,10.0,34.0,1,0,0,3
2025,17,2025_17_NYG_LV,NYG,LV,A,2025-12-28,16:05,34.0,10.0,0,1,3,0
2025,17,2025_17_TB_MIA,MIA,TB,H,2025-12-28,13:00,20.0,17.0,2,2,0,0
2025,17,2025_17_TB_MIA,TB,MIA,A,2025-12-28,13:00,17.0,20.0,2,2,0,0
2025,17,2025_17_NE_NYJ,NE,NYJ,A,2025-12-28,13:00,42.0,10.0,5,0,1,1
2025,17,2025_17_NE_NYJ,NYJ,NE,H,2025-12-28,13:00,10.0,42.0,0,5,1,1
2025,17,2025_17_NO_TEN,NO,TEN,A,2025-12-28,13:00,34.0,26.0,2,2,1,0
2025,17,2025_17_NO_TEN,TEN,NO,H,2025-12-28,13:00,26.0,34.0,2,2,0,1
2025,18,2025_18_ARI_LA,ARI,LA,A,2026-01-04,16:25,20.0,37.0,2,4,0,0
2025,18,2025_18_ARI_LA,LA,ARI,H,2026-01-04,16:25,37.0,20.0,4,2,0,0
2025,18,2025_18_NO_ATL,ATL,NO,H,2026-01-04,13:00,19.0,17.0,1,1,0,1
2025,18,2025_18_NO_ATL,NO,ATL,A,2026-01-04,13:00,17.0,19.0,1,1,1,0
2025,18,2025_18_BAL_PIT,BAL,PIT,A,2026-01-04,20:20,24.0,26.0,3,1,0,2
2025,18,2025_18_BAL_PIT,PIT,BAL,H,2026-01-04,20:20,26.0,24.0,1,3,2,0
2025,18,2025_18_NYJ_BUF,BUF,NYJ,H,2026-01-04,16:25,35.0,8.0,4,1,1,0
2025,18,2025_18_NYJ_BUF,NYJ,BUF,A,2026-01-04,16:25,8.0,35.0,1,4,0,1
2025,18,2025_18_CAR_TB,CAR,TB,A,2026-01-03,16:30,14.0,16.0,2,1,0,0
2025,18,2025_18_CAR_TB,TB,CAR,H,2026-01-03,16:30,16.0,14.0,1,2,0,0
2025,18,2025_18_DET_CHI,CHI,DET,H,2026-01-04,16:25,16.0,19.0,2,1,0,0
2025,18,2025_18_DET_CHI,DET,CHI,A,2026-01-04,16:25,19.0,16.0,1,2,0,0
2025,18,2025_18_CLE_CIN,CIN,CLE,H,2026-01-04,13:00,18.0,20.0,3,0,0,0
2025,18,2025_18_CLE_CIN,CLE,CIN,A,2026-01-04,13:00,20.0,18.0,0,3,0,0
2025,18,2025_18_DAL_NYG,DAL,NYG,A,2026-01-04,13:00,17.0,34.0,0,2,2,1
2025,18,2025_18_DAL_NYG,NYG,DAL,H,2026-01-04,13:00,34.0,17.0,2,0,1,2
2025,18,2025_18_LAC_DEN,DEN,LAC,H,2026-01-04,16:25,19.0,3.0,0,0,0,0
2025,18,2025_18_LAC_DEN,LAC,DEN,A,2026-01-04,16:25,3.0,19.0,0,0,0,0
2025,18,2025_18_GB_MIN,GB,MIN,A,2026-01-04,13:00,3.0,16.0,0,0,0,1
2025,18,2025_18_GB_MIN,MIN,GB,H,2026-01-04,13:00,16.0,3.0,0,0,1,0
2025,18,2025_18_IND_HOU,HOU,IND,H,2026-01-04,13:00,38.0,30.0,1,2,1,1
2025,18,2025_18_IND_HOU,IND,HOU,A,2026-01-04,13:00,30.0,38.0,2,1,1,1
2025,18,2025_18_TEN_JAX,JAX,TEN,H,2026-01-04,13:00,41.0,7.0,3,0,1,1
2025,18,2025_18_TEN_JAX,TEN,JAX,A,2026-01-04,13:00,7.0,41.0,0,3,1,1
2025,18,2025_18_KC_LV,KC,LV,A,2026-01-04,16:25,12.0,14.0,0,0,0,0
2025,18,2025_18_KC_LV,LV,KC,H,2026-01-04,16:25,14.0,12.0,0,0,0,0
2025,18,2025_18_MIA_NE,MIA,NE,A,2026-01-04,16:25,10.0,38.0,1,1,0,4
2025,18,2025_18_MIA_NE,NE,MIA,H,2026-01-04,16:25,38.0,10.0,1,1,4,0
2025,18,2025_18_WAS_PHI,PHI,WAS,H,2026-01-04,16:25,17.0,24.0,1,1,1,2
2025,18,2025_18_WAS_PHI,WAS,PHI,A,2026-01-04,16:25,24.0,17.0,1,1,2,1
2025,18,2025_18_SEA_SF,SEA,SF,A,2026-01-03,20:00,13.0,3.0,0,0,1,0
2025,18,2025_18_SEA_SF,SF,SEA,H,2026-01-03,20:00,3.0,13.0,0,0,0,1
2026,1,2026_01_ARI_LAC,ARI,LAC,A,2026-09-13,16:25,26.0,14.0,1,1,1,1
2026,1,2026_01_ARI_LAC,LAC,ARI,H,2026-09-13,16:25,14.0,26.0,1,1,1,1
2026,1,2026_01_ATL_PIT,ATL,PIT,A,2026-09-13,13:00,13.0,20.0,1,1,0,0
2026,1,2026_01_ATL_PIT,PIT,ATL,H,2026-09-13,13:00,20.0,13.0,1,1,0,0
2026,1,2026_01_BAL_IND,BAL,IND,A,2026-09-13,13:00,41.0,23.0,1,1,4,2
2026,1,2026_01_BAL_IND,IND,BAL,H,2026-09-13,13:00,23.0,41.0,1,1,2,4
2026,1,2026_01_BUF_HOU,BUF,HOU,A,2026-09-13,13:00,36.0,31.0,2,2,2,2
2026,1,2026_01_BUF_HOU,HOU,BUF,H,2026-09-13,13:00,31.0,36.0,2,2,2,2
2026,1,2026_01_CHI_CAR,CAR,CHI,H,2026-09-13,13:00,37.0,59.0,3,2,2,6
2026,1,2026_01_CHI_CAR,CHI,CAR,A,2026-09-13,13:00,59.0,37.0,2,3,6,2
2026,1,2026_01_TB_CIN,CIN,TB,H,2026-09-13,13:00,33.0,27.0,1,0,1,2
2026,1,2026_01_TB_CIN,TB,CIN,A,2026-09-13,13:00,27.0,33.0,0,1,2,1
2026,1,2026_01_CLE_JAX,CLE,JAX,A,2026-09-13,13:00,10.0,34.0,1,4,0,0
2026,1,2026_01_CLE_JAX,JAX,CLE,H,2026-09-13,13:00,34.0,10.0,4,1,0,0
2026,1,2026_01_DAL_NYG,DAL,NYG,A,2026-09-13,20:20,20.0,28.0,2,3,1,1
2026,1,2026_01_DAL_NYG,NYG,DAL,H,2026-09-13,20:20,28.0,20.0,3,2,1,1
2026,1,2026_01_DEN_KC,DEN,KC,A,2026-09-14,20:15,10.0,31.0,1,2,0,2
2026,1,2026_01_DEN_KC,KC,DEN,H,2026-09-14,20:15,31.0,10.0,2,1,2,0
2026,1,2026_01_NO_DET,DET,NO,H,2026-09-13,13:00,31.0,30.0,2,3,2,1
2026,1,2026_01_NO_DET,NO,DET,A,2026-09-13,13:00,30.0,31.0,3,2,1,2
2026,1,2026_01_GB_MIN,GB,MIN,A,2026-09-13,16:25,22.0,39.0,2,3,0,2
2026,1,2026_01_GB_MIN,MIN,GB,H,2026-09-13,16:25,39.0,22.0,3,2,2,0
2026,1,2026_01_SF_LA,LA,SF,H,2026-09-10,20:35,7.0,27.0,0,3,1,0
2026,1,2026_01_SF_LA,SF,LA,A,2026-09-10,20:35,27.0,7.0,3,0,0,1
2026,1,2026_01_MIA_LV,LV,MIA,H,2026-09-13,16:25,27.0,13.0,3,0,0,1
2026,1,2026_01_MIA_LV,MIA,LV,A,2026-09-13,16:25,13.0,27.0,0,3,1,0
2026,1,2026_01_NE_SEA,NE,SEA,A,2026-09-09,20:20,10.0,13.0,1,1,0,0
2026,1,2026_01_NE_SEA,SEA,NE,H,2026-09-09,20:20,13.0,10.0,1,1,0,0
2026,1,2026_01_NYJ_TEN,NYJ,TEN,A,2026-09-13,13:00,23.0,10.0,0,1,2,0
2026,1,2026_01_NYJ_TEN,TEN,NYJ,H,2026-09-13,13:00,10.0,23.0,1,0,0,2
2026,1,2026_01_WAS_PHI,PHI,WAS,H,2026-09-13,16:25,24.0,22.0,3,2,0,1
2026,1,2026_01_WAS_PHI,WAS,PHI,A,2026-09-13,16:25,22.0,24.0,2,3,1,0
2026,2,2026_02_SEA_ARI,ARI,SEA,H,2026-09-20,16:25,7.0,31.0,1,3,0,1
2026,2,2026_02_SEA_ARI,SEA,ARI,A,2026-09-20,16:25,31.0,7.0,3,1,1,0
2026,2,2026_02_CAR_ATL,ATL,CAR,H,2026-09-20,13:00,3.0,34.0,0,3,0,0
2026,2,2026_02_CAR_ATL,CAR,ATL,A,2026-09-20,13:00,34.0,3.0,3,0,0,0
2026,2,2026_02_NO_BAL,BAL,NO,H,2026-09-20,13:00,17.0,24.0,1,1,1,1
2026,2,2026_02_NO_BAL,NO,BAL,A,2026-09-20,13:00,24.0,17.0,1,1,1,1
2026,2,2026_02_DET_BUF,BUF,DET,H,2026-09-17,20:15,41.0,31.0,3,4,3,0
2026,2,2026_02_DET_BUF,DET,BUF,A,2026-09-17,20:15,31.0,41.0,4,3,0,3
2026,2,2026_02_MIN_CHI,CHI,MIN,H,2026-09-20,13:00,3.0,9.0,0,0,0,0
2026,2,2026_02_MIN_CHI,MIN,CHI,A,2026-09-20,13:00,9.0,3.0,0,0,0,0
2026,2,2026_02_CIN_HOU,CIN,HOU,A,2026-09-20,13:00,20.0,6.0,2,0,0,0
2026,2,2026_02_CIN_HOU,HOU,CIN,H,2026-09-20,13:00,6.0,20.0,0,2,0,0
2026,2,2026_02_CLE_TB,CLE,TB,A,2026-09-20,13:00,23.0,19.0,2,1,0,0
2026,2,2026_02_CLE_TB,TB,CLE,H,2026-09-20,13:00,19.0,23.0,1,2,0,0
2026,2,2026_02_WAS_DAL,DAL,WAS,H,2026-09-20,16:25,37.0,20.0,4,2,0,0
2026,2,2026_02_WAS_DAL,WAS,DAL,A,2026-09-20,16:25,20.0,37.0,2,4,0,0
2026,2,2026_02_JAX_DEN,DEN,JAX,H,2026-09-20,16:05,20.0,13.0,1,0,1,1
2026,2,2026_02_JAX_DEN,JAX,DEN,A,2026-09-20,16:05,13.0,20.0,0,1,1,1
2026,2,2026_02_GB_NYJ,GB,NYJ,A,2026-09-20,13:00,20.0,17.0,2,1,0,1
2026,2,2026_02_GB_NYJ,NYJ,GB,H,2026-09-20,13:00,17.0,20.0,1,2,1,0
2026,2,2026_02_IND_KC,IND,KC,A,2026-09-20,20:20,30.0,33.0,1,3,2,0
2026,2,2026_02_IND_KC,KC,IND,H,2026-09-20,20:20,33.0,30.0,3,1,0,2
2026,2,2026_02_NYG_LA,LA,NYG,H,2026-09-21,20:15,28.0,6.0,4,0,0,0
2026,2,2026_02_NYG_LA,NYG,LA,A,2026-09-21,20:15,6.0,28.0,0,4,0,0
2026,2,2026_02_LV_LAC,LAC,LV,H,2026-09-20,16:05,14.0,26.0,1,3,1,0
2026,2,2026_02_LV_LAC,LV,LAC,A,2026-09-20,16:05,26.0,14.0,3,1,0,1
2026,2,2026_02_MIA_SF,MIA,SF,A,2026-09-20,16:25,13.0,35.0,1,2,0,3
2026,2,2026_02_MIA_SF,SF,MIA,H,2026-09-20,16:25,35.0,13.0,2,1,3,0
2026,2,2026_02_PIT_NE,NE,PIT,H,2026-09-20,13:00,20.0,3.0,0,0,1,0
2026,2,2026_02_PIT_NE,PIT,NE,A,2026-09-20,13:00,3.0,20.0,0,0,0,1
2026,2,2026_02_PHI_TEN,PHI,TEN,A,2026-09-20,13:00,24.0,20.0,2,0,1,2
2026,2,2026_02_PHI_TEN,TEN,PHI,H,2026-09-20,13:00,20.0,24.0,0,2,2,1
2026,3,2026_03_ARI_SF,ARI,SF,A,2026-09-27,16:05,30.0,36.0,2,4,1,1
2026,3,2026_03_ARI_SF,SF,ARI,H,2026-09-27,16:05,36.0,30.0,4,2,1,1
2026,3,2026_03_ATL_GB,ATL,GB,A,2026-09-24,20:15,35.0,14.0,1,2,3,0
2026,3,2026_03_ATL_GB,GB,ATL,H,2026-09-24,20:15,14.0,35.0,2,1,0,3
2026,3,2026_03_BAL_DAL,BAL,DAL,A,2026-09-27,16:25,34.0,31.0,2,1,2,2
2026,3,2026_03_BAL_DAL,DAL,BAL,H,2026-09-27,16:25,31.0,34.0,1,2,2,2
2026,3,2026_03_LAC_BUF,BUF,LAC,H,2026-09-27,13:00,24.0,16.0,0,1,3,0
2026,3,2026_03_LAC_BUF,LAC,BUF,A,2026-09-27,13:00,16.0,24.0,1,0,0,3
2026,3,2026_03_CAR_CLE,CAR,CLE,A,2026-09-27,13:00,18.0,21.0,1,2,0,0
2026,3,2026_03_CAR_CLE,CLE,CAR,H,2026-09-27,13:00,21.0,18.0,2,1,0,0
2026,3,2026_03_PHI_CHI,CHI,PHI,H,2026-09-28,20:15,27.0,7.0,2,0,1,1
2026,3,2026_03_PHI_CHI,PHI,CHI,A,2026-09-28,20:15,7.0,27.0,0,2,1,1
2026,3,2026_03_CIN_PIT,CIN,PIT,A,2026-09-27,13:00,27.0,30.0,3,3,0,0
2026,3,2026_03_CIN_PIT,PIT,CIN,H,2026-09-27,13:00,30.0,27.0,3,3,0,0
2026,3,2026_03_LA_DEN,DEN,LA,H,2026-09-27,20:20,30.0,26.0,2,2,1,0
2026,3,2026_03_LA_DEN,LA,DEN,A,2026-09-27,20:20,26.0,30.0,2,2,0,1
2026,3,2026_03_NYJ_DET,DET,NYJ,H,2026-09-27,13:00,31.0,24.0,2,3,2,0
2026,3,2026_03_NYJ_DET,NYJ,DET,A,2026-09-27,13:00,24.0,31.0,3,2,0,2
2026,3,2026_03_HOU_IND,HOU,IND,A,2026-09-27,13:00,17.0,19.0,1,1,1,0
2026,3,2026_03_HOU_IND,IND,HOU,H,2026-09-27,13:00,19.0,17.0,1,1,0,1
2026,3,2026_03_NE_JAX,JAX,NE,H,2026-09-27,13:00,35.0,6.0,3,0,2,0
2026,3,2026_03_NE_JAX,NE,JAX,A,2026-09-27,13:00,6.0,35.0,0,3,0,2
2026,3,2026_03_KC_MIA,KC,MIA,A,2026-09-27,13:00,24.0,10.0,2,0,1,1
2026,3,2026_03_KC_MIA,MIA,KC,H,2026-09-27,13:00,10.0,24.0,0,2,1,1
2026,3,2026_03_LV_NO,LV,NO,A,2026-09-27,16:25,35.0,27.0,3,4,1,0
2026,3,2026_03_LV_NO,NO,LV,H,2026-09-27,16:25,27.0,35.0,4,3,0,1
2026,3,2026_03_MIN_TB,MIN,TB,A,2026-09-27,16:05,23.0,16.0,1,1,0,0
2026,3,2026_03_MIN_TB,TB,MIN,H,2026-09-27,16:05,16.0,23.0,1,1,0,0
2026,3,2026_03_TEN_NYG,NYG,TEN,H,2026-09-27,13:00,12.0,7.0,0,1,0,0
2026,3,2026_03_TEN_NYG,TEN,NYG,A,2026-09-27,13:00,7.0,12.0,1,0,0,0
2026,3,2026_03_SEA_WAS,SEA,WAS,A,2026-09-27,13:00,31.0,33.0,4,3,0,0
2026,3,2026_03_SEA_WAS,WAS,SEA,H,2026-09-27,13:00,33.0,31.0,3,4,0,0
2026,4,2026_04_PIT_CLE,CLE,PIT,H,2026-10-01,20:15,27.0,24.0,1,3,2,0
2026,4,2026_04_PIT_CLE,PIT,CLE,A,2026-10-01,20:15,24.0,27.0,3,1,0,2
